Time,VDC,Isp
07-05-2022 22:30,363.616943,10
07-05-2022 22:31,365.859985,10
07-05-2022 22:31,366.348267,10
07-05-2022 22:31,366.68396,10
07-05-2022 22:31,366.943359,10
07-05-2022 22:31,367.1875,10
07-05-2022 22:31,367.340088,10
07-05-2022 22:32,367.523193,10
07-05-2022 22:32,367.69104,10
07-05-2022 22:32,367.782593,10
07-05-2022 22:32,368.011475,10
07-05-2022 22:32,368.133545,10
07-05-2022 22:32,368.286133,10
07-05-2022 22:33,368.377686,10
07-05-2022 22:33,368.515015,10
07-05-2022 22:33,368.652344,10
07-05-2022 22:33,368.69812,10
07-05-2022 22:33,368.865967,10
07-05-2022 22:33,368.988037,10
07-05-2022 22:34,369.094849,10
07-05-2022 22:34,369.20166,10
07-05-2022 22:34,369.262695,10
07-05-2022 22:34,369.400024,10
07-05-2022 22:34,369.476318,10
07-05-2022 22:34,369.537354,10
07-05-2022 22:35,369.659424,10
07-05-2022 22:35,369.796753,10
07-05-2022 22:35,369.888306,10
07-05-2022 22:35,369.949341,10
07-05-2022 22:35,370.056152,10
07-05-2022 22:35,370.178223,10
07-05-2022 22:36,370.20874,10
07-05-2022 22:36,370.391846,10
07-05-2022 22:36,370.437622,10
07-05-2022 22:36,370.529175,10
07-05-2022 22:36,370.620728,10
07-05-2022 22:36,370.742798,10
07-05-2022 22:37,370.819092,10
07-05-2022 22:37,370.895386,10
07-05-2022 22:37,370.910645,10
07-05-2022 22:37,371.109009,10
07-05-2022 22:37,371.124268,10
07-05-2022 22:37,371.200562,10
07-05-2022 22:38,371.307373,10
07-05-2022 22:38,371.383667,10
07-05-2022 22:38,371.505737,10
07-05-2022 22:38,371.566772,10
07-05-2022 22:38,371.673584,10
07-05-2022 22:38,371.71936,10
07-05-2022 22:39,371.795654,10
07-05-2022 22:39,371.887207,10
07-05-2022 22:39,371.932983,10
07-05-2022 22:39,372.024536,10
07-05-2022 22:39,372.116089,10
07-05-2022 22:39,372.177124,10
07-05-2022 22:40,372.253418,10
07-05-2022 22:40,372.329712,10
07-05-2022 22:40,372.406006,10
07-05-2022 22:40,372.497559,10
07-05-2022 22:40,372.573853,10
07-05-2022 22:40,372.665405,10
07-05-2022 22:41,372.711182,10
07-05-2022 22:41,372.802734,10
07-05-2022 22:41,372.86377,10
07-05-2022 22:41,370.97168,10
07-05-2022 22:41,370.635986,10
07-05-2022 22:41,370.46814,10
07-05-2022 22:42,370.346069,10
07-05-2022 22:42,370.254517,10
07-05-2022 22:42,370.178223,10
07-05-2022 22:42,370.117188,10
07-05-2022 22:42,370.056152,10
07-05-2022 22:42,369.995117,10
07-05-2022 22:43,369.979858,10
07-05-2022 22:43,369.934082,10
07-05-2022 22:43,369.918823,10
07-05-2022 22:43,369.873047,10
07-05-2022 22:43,369.888306,10
07-05-2022 22:44,369.857788,10
07-05-2022 22:44,369.796753,10
07-05-2022 22:44,369.781494,10
07-05-2022 22:44,369.750977,10
07-05-2022 22:44,369.750977,10
07-05-2022 22:44,369.735718,10
07-05-2022 22:45,369.674683,10
07-05-2022 22:45,369.659424,10
07-05-2022 22:45,369.674683,10
07-05-2022 22:45,369.659424,10
07-05-2022 22:45,369.644165,10
07-05-2022 22:45,369.613647,10
07-05-2022 22:46,369.598389,10
07-05-2022 22:46,369.58313,10
07-05-2022 22:46,369.58313,10
07-05-2022 22:46,369.552612,10
07-05-2022 22:46,369.552612,10
07-05-2022 22:46,369.567871,10
07-05-2022 22:47,369.522095,10
07-05-2022 22:47,369.491577,10
07-05-2022 22:47,369.506836,10
07-05-2022 22:47,369.491577,10
07-05-2022 22:47,369.46106,10
07-05-2022 22:47,369.445801,10
07-05-2022 22:48,369.476318,10
07-05-2022 22:48,369.46106,10
07-05-2022 22:48,369.445801,10
07-05-2022 22:48,369.430542,10
07-05-2022 22:48,369.400024,10
07-05-2022 22:48,369.415283,10
07-05-2022 22:49,369.400024,10
07-05-2022 22:49,369.369507,10
07-05-2022 22:49,369.384766,10
07-05-2022 22:49,369.384766,10
07-05-2022 22:49,369.338989,10
07-05-2022 22:49,369.338989,10
07-05-2022 22:50,369.354248,10
07-05-2022 22:50,369.32373,10
07-05-2022 22:50,369.32373,10
07-05-2022 22:50,369.32373,10
07-05-2022 22:50,369.308472,10
07-05-2022 22:50,369.277954,10
07-05-2022 22:51,369.293213,10
07-05-2022 22:51,369.293213,10
07-05-2022 22:51,369.277954,10
07-05-2022 22:51,369.262695,10
07-05-2022 22:51,369.262695,10
07-05-2022 22:51,369.262695,10
07-05-2022 22:52,369.247437,10
07-05-2022 22:52,369.20166,10
07-05-2022 22:52,369.247437,10
07-05-2022 22:52,369.247437,10
07-05-2022 22:52,369.20166,10
07-05-2022 22:52,369.186401,10
07-05-2022 22:53,369.216919,10
07-05-2022 22:53,369.20166,10
07-05-2022 22:53,369.171143,10
07-05-2022 22:53,369.171143,10
07-05-2022 22:53,369.155884,10
07-05-2022 22:53,369.171143,10
07-05-2022 22:54,369.155884,10
07-05-2022 22:54,369.140625,10
07-05-2022 22:54,369.155884,10
07-05-2022 22:54,369.155884,10
07-05-2022 22:54,369.125366,10
07-05-2022 22:54,369.094849,10
07-05-2022 22:55,369.110107,10
07-05-2022 22:55,369.125366,10
07-05-2022 22:55,369.125366,10
07-05-2022 22:55,369.110107,10
07-05-2022 22:55,369.094849,10
07-05-2022 22:55,369.07959,10
07-05-2022 22:56,369.064331,10
07-05-2022 22:56,369.094849,10
07-05-2022 22:56,369.049072,10
07-05-2022 22:56,369.064331,10
07-05-2022 22:56,369.07959,10
07-05-2022 22:56,369.049072,10
07-05-2022 22:57,369.049072,10
07-05-2022 22:57,369.018555,10
07-05-2022 22:57,369.064331,10
07-05-2022 22:57,369.049072,10
07-05-2022 22:57,369.018555,10
07-05-2022 22:57,369.018555,10
07-05-2022 22:58,369.018555,10
07-05-2022 22:58,369.018555,10
07-05-2022 22:58,369.003296,10
07-05-2022 22:58,368.972778,10
07-05-2022 22:58,368.972778,10
07-05-2022 22:58,368.972778,10
07-05-2022 22:59,368.95752,10
07-05-2022 22:59,368.972778,10
07-05-2022 22:59,368.927002,10
07-05-2022 22:59,368.95752,10
07-05-2022 22:59,368.942261,10
07-05-2022 22:59,368.942261,10
07-05-2022 23:00,368.95752,10
07-05-2022 23:00,368.942261,10
07-05-2022 23:00,368.927002,10
07-05-2022 23:00,368.911743,10
07-05-2022 23:00,368.896484,10
07-05-2022 23:00,368.911743,10
07-05-2022 23:01,368.911743,10
07-05-2022 23:01,368.881226,10
07-05-2022 23:01,368.911743,10
07-05-2022 23:01,368.881226,10
07-05-2022 23:01,368.896484,10
07-05-2022 23:01,368.865967,10
07-05-2022 23:02,368.881226,10
07-05-2022 23:02,368.850708,10
07-05-2022 23:02,368.865967,10
07-05-2022 23:02,368.881226,10
07-05-2022 23:02,368.850708,10
07-05-2022 23:02,368.881226,10
07-05-2022 23:03,368.850708,10
07-05-2022 23:03,368.865967,10
07-05-2022 23:03,368.835449,10
07-05-2022 23:03,368.850708,10
07-05-2022 23:03,368.82019,10
07-05-2022 23:03,368.789673,10
07-05-2022 23:04,368.82019,10
07-05-2022 23:04,368.774414,10
07-05-2022 23:04,368.82019,10
07-05-2022 23:04,368.82019,10
07-05-2022 23:04,368.804932,10
07-05-2022 23:04,368.789673,10
07-05-2022 23:05,368.789673,10
07-05-2022 23:05,368.789673,10
07-05-2022 23:05,368.789673,10
07-05-2022 23:05,368.804932,10
07-05-2022 23:05,368.789673,10
07-05-2022 23:05,368.759155,10
07-05-2022 23:06,368.743896,10
07-05-2022 23:06,368.728638,10
07-05-2022 23:06,368.759155,10
07-05-2022 23:06,368.743896,10
07-05-2022 23:06,368.743896,10
07-05-2022 23:06,368.743896,10
07-05-2022 23:07,368.713379,10
07-05-2022 23:07,368.713379,10
07-05-2022 23:07,368.743896,10
07-05-2022 23:07,368.69812,10
07-05-2022 23:07,368.713379,10
07-05-2022 23:08,368.713379,10
07-05-2022 23:08,368.728638,10
07-05-2022 23:08,368.728638,10
07-05-2022 23:08,368.69812,10
07-05-2022 23:08,368.69812,10
07-05-2022 23:08,368.69812,10
07-05-2022 23:09,368.682861,10
07-05-2022 23:09,368.682861,10
07-05-2022 23:09,368.667603,10
07-05-2022 23:09,368.652344,10
07-05-2022 23:09,368.667603,10
07-05-2022 23:09,368.652344,10
07-05-2022 23:10,368.652344,10
07-05-2022 23:10,368.652344,10
07-05-2022 23:10,368.667603,10
07-05-2022 23:10,368.652344,10
07-05-2022 23:10,368.621826,10
07-05-2022 23:10,368.637085,10
07-05-2022 23:11,368.621826,10
07-05-2022 23:11,368.621826,10
07-05-2022 23:11,368.652344,10
07-05-2022 23:11,368.621826,10
07-05-2022 23:11,368.606567,10
07-05-2022 23:11,368.652344,10
07-05-2022 23:12,368.606567,10
07-05-2022 23:12,368.606567,10
07-05-2022 23:12,368.591309,10
07-05-2022 23:12,368.57605,10
07-05-2022 23:12,368.57605,10
07-05-2022 23:12,368.57605,10
07-05-2022 23:13,368.560791,10
07-05-2022 23:13,368.591309,10
07-05-2022 23:13,368.606567,10
07-05-2022 23:13,368.560791,10
07-05-2022 23:13,368.560791,10
07-05-2022 23:13,368.545532,10
07-05-2022 23:14,368.560791,10
07-05-2022 23:14,368.57605,10
07-05-2022 23:14,368.530273,10
07-05-2022 23:14,368.545532,10
07-05-2022 23:14,368.515015,10
07-05-2022 23:14,368.545532,10
07-05-2022 23:15,368.530273,10
07-05-2022 23:15,368.530273,10
07-05-2022 23:15,368.545532,10
07-05-2022 23:15,368.545532,10
07-05-2022 23:15,368.499756,10
07-05-2022 23:15,368.530273,10
07-05-2022 23:16,368.484497,10
07-05-2022 23:16,368.484497,10
07-05-2022 23:16,368.484497,10
07-05-2022 23:16,368.515015,10
07-05-2022 23:16,368.515015,10
07-05-2022 23:16,368.484497,10
07-05-2022 23:17,368.515015,10
07-05-2022 23:17,368.484497,10
07-05-2022 23:17,368.484497,10
07-05-2022 23:17,368.484497,10
07-05-2022 23:17,368.469238,10
07-05-2022 23:17,368.484497,10
07-05-2022 23:18,368.438721,10
07-05-2022 23:18,368.453979,10
07-05-2022 23:18,368.469238,10
07-05-2022 23:18,368.469238,10
07-05-2022 23:18,368.438721,10
07-05-2022 23:18,368.438721,10
07-05-2022 23:19,368.453979,10
07-05-2022 23:19,368.438721,10
07-05-2022 23:19,368.453979,10
07-05-2022 23:19,368.408203,10
07-05-2022 23:19,368.453979,10
07-05-2022 23:19,368.408203,10
07-05-2022 23:20,368.438721,10
07-05-2022 23:20,368.423462,10
07-05-2022 23:20,368.408203,10
07-05-2022 23:20,368.392944,10
07-05-2022 23:20,368.408203,10
07-05-2022 23:20,368.392944,10
07-05-2022 23:21,368.408203,10
07-05-2022 23:21,368.392944,10
07-05-2022 23:21,368.377686,10
07-05-2022 23:21,368.377686,10
07-05-2022 23:21,368.377686,10
07-05-2022 23:21,368.392944,10
07-05-2022 23:22,368.392944,10
07-05-2022 23:22,368.347168,10
07-05-2022 23:22,368.362427,10
07-05-2022 23:22,368.362427,10
07-05-2022 23:22,368.347168,10
07-05-2022 23:22,368.362427,10
07-05-2022 23:23,368.377686,10
07-05-2022 23:23,368.331909,10
07-05-2022 23:23,368.362427,10
07-05-2022 23:23,368.331909,10
07-05-2022 23:23,368.347168,10
07-05-2022 23:23,368.331909,10
07-05-2022 23:24,368.347168,10
07-05-2022 23:24,368.301392,10
07-05-2022 23:24,368.347168,10
07-05-2022 23:24,368.331909,10
07-05-2022 23:24,368.301392,10
07-05-2022 23:24,368.331909,10
07-05-2022 23:25,368.31665,10
07-05-2022 23:25,368.31665,10
07-05-2022 23:25,368.301392,10
07-05-2022 23:25,368.286133,10
07-05-2022 23:25,368.286133,10
07-05-2022 23:25,368.301392,10
07-05-2022 23:26,368.301392,10
07-05-2022 23:26,368.286133,10
07-05-2022 23:26,368.301392,10
07-05-2022 23:26,368.301392,10
07-05-2022 23:26,368.286133,10
07-05-2022 23:26,368.286133,10
07-05-2022 23:27,368.240356,10
07-05-2022 23:27,368.240356,10
07-05-2022 23:27,368.286133,10
07-05-2022 23:27,368.286133,10
07-05-2022 23:27,368.225098,10
07-05-2022 23:27,368.255615,10
07-05-2022 23:28,368.255615,10
07-05-2022 23:28,368.255615,10
07-05-2022 23:28,368.255615,10
07-05-2022 23:28,368.270874,10
07-05-2022 23:28,368.225098,10
07-05-2022 23:28,368.225098,10
07-05-2022 23:29,368.225098,10
07-05-2022 23:29,368.225098,10
07-05-2022 23:29,368.225098,10
07-05-2022 23:29,368.225098,10
07-05-2022 23:29,368.209839,10
07-05-2022 23:29,368.19458,10
07-05-2022 23:30,368.209839,10
07-05-2022 23:30,368.19458,10
07-05-2022 23:30,368.19458,10
07-05-2022 23:30,368.19458,10
07-05-2022 23:30,368.19458,10
07-05-2022 23:30,368.209839,10
07-05-2022 23:31,368.179321,10
07-05-2022 23:31,368.19458,10
07-05-2022 23:31,368.164062,10
07-05-2022 23:31,368.179321,10
07-05-2022 23:31,368.148804,10
07-05-2022 23:32,368.179321,10
07-05-2022 23:32,368.148804,10
07-05-2022 23:32,368.164062,10
07-05-2022 23:32,368.164062,10
07-05-2022 23:32,368.148804,10
07-05-2022 23:32,368.148804,10
07-05-2022 23:33,368.179321,10
07-05-2022 23:33,368.133545,10
07-05-2022 23:33,368.133545,10
07-05-2022 23:33,368.148804,10
07-05-2022 23:33,368.133545,10
07-05-2022 23:33,368.133545,10
07-05-2022 23:34,368.133545,10
07-05-2022 23:34,368.133545,10
07-05-2022 23:34,368.118286,10
07-05-2022 23:34,368.133545,10
07-05-2022 23:34,368.133545,10
07-05-2022 23:34,368.103027,10
07-05-2022 23:35,368.133545,10
07-05-2022 23:35,368.103027,10
07-05-2022 23:35,368.103027,10
07-05-2022 23:35,368.087769,10
07-05-2022 23:35,368.07251,10
07-05-2022 23:35,368.087769,10
07-05-2022 23:36,368.087769,10
07-05-2022 23:36,368.103027,10
07-05-2022 23:36,368.057251,10
07-05-2022 23:36,368.057251,10
07-05-2022 23:36,368.087769,10
07-05-2022 23:36,368.07251,10
07-05-2022 23:37,368.057251,10
07-05-2022 23:37,368.087769,10
07-05-2022 23:37,368.041992,10
07-05-2022 23:37,368.057251,10
07-05-2022 23:37,368.041992,10
07-05-2022 23:37,368.026733,10
07-05-2022 23:38,368.07251,10
07-05-2022 23:38,368.041992,10
07-05-2022 23:38,368.011475,10
07-05-2022 23:38,368.057251,10
07-05-2022 23:38,368.026733,10
07-05-2022 23:38,368.026733,10
07-05-2022 23:39,368.041992,10
07-05-2022 23:39,367.996216,10
07-05-2022 23:39,368.041992,10
07-05-2022 23:39,368.011475,10
07-05-2022 23:39,368.026733,10
07-05-2022 23:39,367.996216,10
07-05-2022 23:40,368.011475,10
07-05-2022 23:40,368.011475,10
07-05-2022 23:40,367.996216,10
07-05-2022 23:40,368.011475,10
07-05-2022 23:40,367.996216,10
07-05-2022 23:40,367.980957,10
07-05-2022 23:41,367.996216,10
07-05-2022 23:41,367.996216,10
07-05-2022 23:41,367.980957,10
07-05-2022 23:41,367.980957,10
07-05-2022 23:41,367.980957,10
07-05-2022 23:41,367.965698,10
07-05-2022 23:42,367.965698,10
07-05-2022 23:42,367.965698,10
07-05-2022 23:42,367.950439,10
07-05-2022 23:42,367.950439,10
07-05-2022 23:42,367.965698,10
07-05-2022 23:42,367.935181,10
07-05-2022 23:43,367.935181,10
07-05-2022 23:43,367.919922,10
07-05-2022 23:43,367.935181,10
07-05-2022 23:43,367.919922,10
07-05-2022 23:43,367.935181,10
07-05-2022 23:43,367.935181,10
07-05-2022 23:44,367.950439,10
07-05-2022 23:44,367.950439,10
07-05-2022 23:44,367.904663,10
07-05-2022 23:44,367.919922,10
07-05-2022 23:44,367.904663,10
07-05-2022 23:44,367.904663,10
07-05-2022 23:45,367.904663,10
07-05-2022 23:45,367.874146,10
07-05-2022 23:45,367.889404,10
07-05-2022 23:45,367.889404,10
07-05-2022 23:45,367.889404,10
07-05-2022 23:45,367.904663,10
07-05-2022 23:46,367.889404,10
07-05-2022 23:46,367.904663,10
07-05-2022 23:46,367.904663,10
07-05-2022 23:46,367.904663,10
07-05-2022 23:46,367.904663,10
07-05-2022 23:46,367.889404,10
07-05-2022 23:47,367.858887,10
07-05-2022 23:47,367.858887,10
07-05-2022 23:47,367.874146,10
07-05-2022 23:47,367.874146,10
07-05-2022 23:47,367.843628,10
07-05-2022 23:47,367.843628,10
07-05-2022 23:48,367.858887,10
07-05-2022 23:48,367.843628,10
07-05-2022 23:48,367.843628,10
07-05-2022 23:48,367.843628,10
07-05-2022 23:48,367.797852,10
07-05-2022 23:48,367.828369,10
07-05-2022 23:49,367.828369,10
07-05-2022 23:49,367.828369,10
07-05-2022 23:49,367.843628,10
07-05-2022 23:49,367.81311,10
07-05-2022 23:49,367.828369,10
07-05-2022 23:49,367.81311,10
07-05-2022 23:50,367.81311,10
07-05-2022 23:50,367.797852,10
07-05-2022 23:50,367.797852,10
07-05-2022 23:50,367.797852,10
07-05-2022 23:50,367.81311,10
07-05-2022 23:50,367.81311,10
07-05-2022 23:51,367.797852,10
07-05-2022 23:51,367.767334,10
07-05-2022 23:51,367.767334,10
07-05-2022 23:51,367.797852,10
07-05-2022 23:51,367.81311,10
07-05-2022 23:51,367.782593,10
07-05-2022 23:52,367.782593,10
07-05-2022 23:52,367.767334,10
07-05-2022 23:52,367.752075,10
07-05-2022 23:52,367.752075,10
07-05-2022 23:52,367.767334,10
07-05-2022 23:52,367.752075,10
07-05-2022 23:53,367.736816,10
07-05-2022 23:53,367.752075,10
07-05-2022 23:53,367.752075,10
07-05-2022 23:53,367.767334,10
07-05-2022 23:53,367.752075,10
07-05-2022 23:53,367.736816,10
07-05-2022 23:54,367.752075,10
07-05-2022 23:54,367.752075,10
07-05-2022 23:54,367.721558,10
07-05-2022 23:54,367.736816,10
07-05-2022 23:54,367.721558,10
07-05-2022 23:54,367.736816,10
07-05-2022 23:55,367.706299,10
07-05-2022 23:55,367.721558,10
07-05-2022 23:55,367.706299,10
07-05-2022 23:55,367.69104,10
07-05-2022 23:55,367.706299,10
07-05-2022 23:55,367.69104,10
07-05-2022 23:56,367.706299,10
07-05-2022 23:56,367.721558,10
07-05-2022 23:56,367.706299,10
07-05-2022 23:56,367.706299,10
07-05-2022 23:56,367.675781,10
07-05-2022 23:57,367.69104,10
07-05-2022 23:57,367.69104,10
07-05-2022 23:57,367.69104,10
07-05-2022 23:57,367.69104,10
07-05-2022 23:57,367.69104,10
07-05-2022 23:57,367.675781,10
07-05-2022 23:58,367.675781,10
07-05-2022 23:58,367.675781,10
07-05-2022 23:58,367.660522,10
07-05-2022 23:58,367.660522,10
07-05-2022 23:58,367.630005,10
07-05-2022 23:58,367.675781,10
07-05-2022 23:59,367.630005,10
07-05-2022 23:59,367.645264,10
07-05-2022 23:59,367.645264,10
07-05-2022 23:59,367.630005,10
07-05-2022 23:59,367.630005,10
07-05-2022 23:59,367.645264,10
07-06-2022 00:00,367.630005,10
07-06-2022 00:00,367.599487,10
07-06-2022 00:00,367.584229,10
07-06-2022 00:00,367.645264,10
07-06-2022 00:00,367.614746,10
07-06-2022 00:00,367.614746,10
07-06-2022 00:01,367.614746,10
07-06-2022 00:01,367.614746,10
07-06-2022 00:01,367.584229,10
07-06-2022 00:01,367.614746,10
07-06-2022 00:01,367.56897,10
07-06-2022 00:01,367.599487,10
07-06-2022 00:02,367.584229,10
07-06-2022 00:02,367.584229,10
07-06-2022 00:02,367.599487,10
07-06-2022 00:02,367.56897,10
07-06-2022 00:02,367.56897,10
07-06-2022 00:02,367.56897,10
07-06-2022 00:03,367.553711,10
07-06-2022 00:03,367.538452,10
07-06-2022 00:03,367.599487,10
07-06-2022 00:03,367.56897,10
07-06-2022 00:03,367.56897,10
07-06-2022 00:03,367.584229,10
07-06-2022 00:04,367.56897,10
07-06-2022 00:04,367.56897,10
07-06-2022 00:04,367.553711,10
07-06-2022 00:04,367.538452,10
07-06-2022 00:04,367.553711,10
07-06-2022 00:04,367.538452,10
07-06-2022 00:05,367.507935,10
07-06-2022 00:05,367.523193,10
07-06-2022 00:05,367.538452,10
07-06-2022 00:05,367.523193,10
07-06-2022 00:05,367.553711,10
07-06-2022 00:05,367.523193,10
07-06-2022 00:06,367.507935,10
07-06-2022 00:06,367.538452,10
07-06-2022 00:06,367.507935,10
07-06-2022 00:06,367.507935,10
07-06-2022 00:06,367.507935,10
07-06-2022 00:06,367.507935,10
07-06-2022 00:07,367.507935,10
07-06-2022 00:07,367.477417,10
07-06-2022 00:07,367.492676,10
07-06-2022 00:07,367.523193,10
07-06-2022 00:07,367.492676,10
07-06-2022 00:07,367.492676,10
07-06-2022 00:08,367.477417,10
07-06-2022 00:08,367.492676,10
07-06-2022 00:08,367.462158,10
07-06-2022 00:08,367.462158,10
07-06-2022 00:08,367.462158,10
07-06-2022 00:08,367.477417,10
07-06-2022 00:09,367.477417,10
07-06-2022 00:09,367.462158,10
07-06-2022 00:09,367.446899,10
07-06-2022 00:09,367.462158,10
07-06-2022 00:09,367.431641,10
07-06-2022 00:09,367.446899,10
07-06-2022 00:10,367.446899,10
07-06-2022 00:10,367.462158,10
07-06-2022 00:10,367.431641,10
07-06-2022 00:10,367.416382,10
07-06-2022 00:10,367.431641,10
07-06-2022 00:10,367.462158,10
07-06-2022 00:11,367.416382,10
07-06-2022 00:11,367.431641,10
07-06-2022 00:11,367.416382,10
07-06-2022 00:11,367.431641,10
07-06-2022 00:11,367.416382,10
07-06-2022 00:11,367.431641,10
07-06-2022 00:12,367.401123,10
07-06-2022 00:12,367.401123,10
07-06-2022 00:12,367.401123,10
07-06-2022 00:12,367.431641,10
07-06-2022 00:12,367.416382,10
07-06-2022 00:12,367.385864,10
07-06-2022 00:13,367.416382,10
07-06-2022 00:13,367.401123,10
07-06-2022 00:13,367.385864,10
07-06-2022 00:13,367.385864,10
07-06-2022 00:13,367.385864,10
07-06-2022 00:13,367.355347,10
07-06-2022 00:14,367.355347,10
07-06-2022 00:14,367.370605,10
07-06-2022 00:14,367.370605,10
07-06-2022 00:14,367.355347,10
07-06-2022 00:14,367.370605,10
07-06-2022 00:14,367.370605,10
07-06-2022 00:15,367.370605,10
07-06-2022 00:15,367.355347,10
07-06-2022 00:15,367.324829,10
07-06-2022 00:15,367.324829,10
07-06-2022 00:15,367.355347,10
07-06-2022 00:15,367.355347,10
07-06-2022 00:16,367.324829,10
07-06-2022 00:16,367.324829,10
07-06-2022 00:16,367.340088,10
07-06-2022 00:16,367.324829,10
07-06-2022 00:16,367.340088,10
07-06-2022 00:16,367.324829,10
07-06-2022 00:17,367.324829,10
07-06-2022 00:17,367.30957,10
07-06-2022 00:17,367.30957,10
07-06-2022 00:17,367.294312,10
07-06-2022 00:17,367.30957,10
07-06-2022 00:17,367.294312,10
07-06-2022 00:18,367.294312,10
07-06-2022 00:18,367.324829,10
07-06-2022 00:18,367.294312,10
07-06-2022 00:18,367.30957,10
07-06-2022 00:18,367.294312,10
07-06-2022 00:18,367.294312,10
07-06-2022 00:19,367.279053,10
07-06-2022 00:19,367.294312,10
07-06-2022 00:19,367.279053,10
07-06-2022 00:19,367.294312,10
07-06-2022 00:19,367.279053,10
07-06-2022 00:19,367.294312,10
07-06-2022 00:20,367.263794,10
07-06-2022 00:20,367.263794,10
07-06-2022 00:20,367.263794,10
07-06-2022 00:20,367.248535,10
07-06-2022 00:20,367.233276,10
07-06-2022 00:20,367.263794,10
07-06-2022 00:21,367.233276,10
07-06-2022 00:21,367.233276,10
07-06-2022 00:21,367.248535,10
07-06-2022 00:21,367.248535,10
07-06-2022 00:21,367.233276,10
07-06-2022 00:21,367.233276,10
07-06-2022 00:22,367.218018,10
07-06-2022 00:22,367.248535,10
07-06-2022 00:22,367.202759,10
07-06-2022 00:22,367.202759,10
07-06-2022 00:22,367.233276,10
07-06-2022 00:22,367.218018,10
07-06-2022 00:23,367.202759,10
07-06-2022 00:23,367.218018,10
07-06-2022 00:23,367.172241,10
07-06-2022 00:23,367.202759,10
07-06-2022 00:23,367.1875,10
07-06-2022 00:24,367.202759,10
07-06-2022 00:24,367.1875,10
07-06-2022 00:24,367.1875,10
07-06-2022 00:24,367.172241,10
07-06-2022 00:24,367.202759,10
07-06-2022 00:24,367.156982,10
07-06-2022 00:25,367.172241,10
07-06-2022 00:25,367.172241,10
07-06-2022 00:25,367.156982,10
07-06-2022 00:25,367.156982,10
07-06-2022 00:25,367.141724,10
07-06-2022 00:25,367.156982,10
07-06-2022 00:26,367.172241,10
07-06-2022 00:26,367.141724,10
07-06-2022 00:26,367.126465,10
07-06-2022 00:26,367.156982,10
07-06-2022 00:26,367.141724,10
07-06-2022 00:26,367.141724,10
07-06-2022 00:27,367.126465,10
07-06-2022 00:27,367.141724,10
07-06-2022 00:27,367.126465,10
07-06-2022 00:27,367.141724,10
07-06-2022 00:27,367.156982,10
07-06-2022 00:27,367.111206,10
07-06-2022 00:28,367.111206,10
07-06-2022 00:28,367.126465,10
07-06-2022 00:28,367.141724,10
07-06-2022 00:28,367.111206,10
07-06-2022 00:28,367.111206,10
07-06-2022 00:28,367.095947,10
07-06-2022 00:29,367.095947,10
07-06-2022 00:29,367.111206,10
07-06-2022 00:29,367.111206,10
07-06-2022 00:29,367.080688,10
07-06-2022 00:29,367.095947,10
07-06-2022 00:29,367.095947,10
07-06-2022 00:30,367.080688,10
07-06-2022 00:30,367.095947,10
07-06-2022 00:30,367.095947,10
07-06-2022 00:30,367.095947,10
07-06-2022 00:30,367.080688,10
07-06-2022 00:30,367.095947,10
07-06-2022 00:31,367.06543,10
07-06-2022 00:31,367.080688,10
07-06-2022 00:31,367.06543,10
07-06-2022 00:31,367.080688,10
07-06-2022 00:31,367.050171,10
07-06-2022 00:31,367.034912,10
07-06-2022 00:32,367.06543,10
07-06-2022 00:32,367.050171,10
07-06-2022 00:32,367.06543,10
07-06-2022 00:32,367.019653,10
07-06-2022 00:32,367.050171,10
07-06-2022 00:32,367.034912,10
07-06-2022 00:33,367.019653,10
07-06-2022 00:33,367.050171,10
07-06-2022 00:33,367.050171,10
07-06-2022 00:33,367.034912,10
07-06-2022 00:33,367.004395,10
07-06-2022 00:33,367.004395,10
07-06-2022 00:34,367.004395,10
07-06-2022 00:34,367.019653,10
07-06-2022 00:34,366.973877,10
07-06-2022 00:34,367.004395,10
07-06-2022 00:34,367.004395,10
07-06-2022 00:34,366.989136,10
07-06-2022 00:35,366.973877,10
07-06-2022 00:35,367.004395,10
07-06-2022 00:35,366.973877,10
07-06-2022 00:35,366.973877,10
07-06-2022 00:35,366.989136,10
07-06-2022 00:35,367.004395,10
07-06-2022 00:36,366.973877,10
07-06-2022 00:36,366.958618,10
07-06-2022 00:36,366.973877,10
07-06-2022 00:36,366.958618,10
07-06-2022 00:36,366.989136,10
07-06-2022 00:36,366.973877,10
07-06-2022 00:37,366.943359,10
07-06-2022 00:37,366.958618,10
07-06-2022 00:37,366.928101,10
07-06-2022 00:37,366.928101,10
07-06-2022 00:37,366.943359,10
07-06-2022 00:37,366.973877,10
07-06-2022 00:38,366.958618,10
07-06-2022 00:38,366.943359,10
07-06-2022 00:38,366.912842,10
07-06-2022 00:38,366.928101,10
07-06-2022 00:38,366.928101,10
07-06-2022 00:38,366.912842,10
07-06-2022 00:39,366.928101,10
07-06-2022 00:39,366.943359,10
07-06-2022 00:39,366.928101,10
07-06-2022 00:39,366.897583,10
07-06-2022 00:39,366.912842,10
07-06-2022 00:39,366.912842,10
07-06-2022 00:40,366.912842,10
07-06-2022 00:40,366.882324,10
07-06-2022 00:40,366.912842,10
07-06-2022 00:40,366.912842,10
07-06-2022 00:40,366.912842,10
07-06-2022 00:40,366.897583,10
07-06-2022 00:41,366.897583,10
07-06-2022 00:41,366.882324,10
07-06-2022 00:41,366.897583,10
07-06-2022 00:41,366.928101,10
07-06-2022 00:41,366.882324,10
07-06-2022 00:41,366.882324,10
07-06-2022 00:42,366.867065,10
07-06-2022 00:42,366.882324,10
07-06-2022 00:42,366.882324,10
07-06-2022 00:42,366.867065,10
07-06-2022 00:42,366.867065,10
07-06-2022 00:42,366.897583,10
07-06-2022 00:43,366.851807,10
07-06-2022 00:43,366.821289,10
07-06-2022 00:43,366.882324,10
07-06-2022 00:43,366.821289,10
07-06-2022 00:43,366.851807,10
07-06-2022 00:43,366.851807,10
07-06-2022 00:44,366.836548,10
07-06-2022 00:44,366.851807,10
07-06-2022 00:44,366.836548,10
07-06-2022 00:44,366.821289,10
07-06-2022 00:44,366.836548,10
07-06-2022 00:44,366.836548,10
07-06-2022 00:45,366.851807,10
07-06-2022 00:45,366.821289,10
07-06-2022 00:45,366.775513,10
07-06-2022 00:45,366.80603,10
07-06-2022 00:45,366.80603,10
07-06-2022 00:45,366.80603,10
07-06-2022 00:46,366.80603,10
07-06-2022 00:46,366.80603,10
07-06-2022 00:46,366.790771,10
07-06-2022 00:46,366.790771,10
07-06-2022 00:46,366.80603,10
07-06-2022 00:46,366.775513,10
07-06-2022 00:47,366.821289,10
07-06-2022 00:47,366.775513,10
07-06-2022 00:47,366.790771,10
07-06-2022 00:47,366.775513,10
07-06-2022 00:47,366.775513,10
07-06-2022 00:47,366.760254,10
07-06-2022 00:48,366.775513,10
07-06-2022 00:48,366.760254,10
07-06-2022 00:48,366.744995,10
07-06-2022 00:48,366.760254,10
07-06-2022 00:48,366.729736,10
07-06-2022 00:49,366.744995,10
07-06-2022 00:49,366.729736,10
07-06-2022 00:49,366.729736,10
07-06-2022 00:49,366.744995,10
07-06-2022 00:49,366.744995,10
07-06-2022 00:49,366.729736,10
07-06-2022 00:50,366.714478,10
07-06-2022 00:50,366.744995,10
07-06-2022 00:50,366.744995,10
07-06-2022 00:50,366.729736,10
07-06-2022 00:50,366.714478,10
07-06-2022 00:50,366.714478,10
07-06-2022 00:51,366.729736,10
07-06-2022 00:51,366.714478,10
07-06-2022 00:51,366.699219,10
07-06-2022 00:51,366.714478,10
07-06-2022 00:51,366.699219,10
07-06-2022 00:51,366.714478,10
07-06-2022 00:52,366.699219,10
07-06-2022 00:52,366.68396,10
07-06-2022 00:52,366.699219,10
07-06-2022 00:52,366.668701,10
07-06-2022 00:52,366.699219,10
07-06-2022 00:52,366.68396,10
07-06-2022 00:53,366.714478,10
07-06-2022 00:53,366.68396,10
07-06-2022 00:53,366.653442,10
07-06-2022 00:53,366.653442,10
07-06-2022 00:53,366.68396,10
07-06-2022 00:53,366.68396,10
07-06-2022 00:54,366.653442,10
07-06-2022 00:54,366.653442,10
07-06-2022 00:54,366.668701,10
07-06-2022 00:54,366.653442,10
07-06-2022 00:54,366.653442,10
07-06-2022 00:54,366.638184,10
07-06-2022 00:55,366.653442,10
07-06-2022 00:55,366.68396,10
07-06-2022 00:55,366.622925,10
07-06-2022 00:55,366.653442,10
07-06-2022 00:55,366.622925,10
07-06-2022 00:55,366.638184,10
07-06-2022 00:56,366.622925,10
07-06-2022 00:56,366.653442,10
07-06-2022 00:56,366.622925,10
07-06-2022 00:56,366.607666,10
07-06-2022 00:56,366.607666,10
07-06-2022 00:56,366.607666,10
07-06-2022 00:57,366.622925,10
07-06-2022 00:57,366.622925,10
07-06-2022 00:57,366.607666,10
07-06-2022 00:57,366.577148,10
07-06-2022 00:57,366.577148,10
07-06-2022 00:57,366.592407,10
07-06-2022 00:58,366.607666,10
07-06-2022 00:58,366.592407,10
07-06-2022 00:58,366.592407,10
07-06-2022 00:58,366.56189,10
07-06-2022 00:58,366.577148,10
07-06-2022 00:58,366.577148,10
07-06-2022 00:59,366.56189,10
07-06-2022 00:59,366.577148,10
07-06-2022 00:59,366.577148,10
07-06-2022 00:59,366.546631,10
07-06-2022 00:59,366.577148,10
07-06-2022 00:59,366.56189,10
07-06-2022 01:00,366.546631,10
07-06-2022 01:00,366.56189,10
07-06-2022 01:00,366.546631,10
07-06-2022 01:00,366.56189,10
07-06-2022 01:00,366.546631,10
07-06-2022 01:00,366.531372,10
07-06-2022 01:01,366.56189,10
07-06-2022 01:01,366.531372,10
07-06-2022 01:01,366.500854,10
07-06-2022 01:01,366.531372,10
07-06-2022 01:01,366.531372,10
07-06-2022 01:01,366.516113,10
07-06-2022 01:02,366.531372,10
07-06-2022 01:02,366.500854,10
07-06-2022 01:02,366.485596,10
07-06-2022 01:02,366.485596,10
07-06-2022 01:02,366.485596,10
07-06-2022 01:02,366.485596,10
07-06-2022 01:03,366.500854,10
07-06-2022 01:03,366.470337,10
07-06-2022 01:03,366.470337,10
07-06-2022 01:03,366.516113,10
07-06-2022 01:03,366.470337,10
07-06-2022 01:03,366.485596,10
07-06-2022 01:04,366.500854,10
07-06-2022 01:04,366.470337,10
07-06-2022 01:04,366.485596,10
07-06-2022 01:04,366.485596,10
07-06-2022 01:04,366.455078,10
07-06-2022 01:04,366.470337,10
07-06-2022 01:05,366.455078,10
07-06-2022 01:05,366.424561,10
07-06-2022 01:05,366.455078,10
07-06-2022 01:05,366.470337,10
07-06-2022 01:05,366.455078,10
07-06-2022 01:05,366.455078,10
07-06-2022 01:06,366.455078,10
07-06-2022 01:06,366.470337,10
07-06-2022 01:06,366.439819,10
07-06-2022 01:06,366.455078,10
07-06-2022 01:06,366.485596,10
07-06-2022 01:06,366.439819,10
07-06-2022 01:07,366.439819,10
07-06-2022 01:07,366.409302,10
07-06-2022 01:07,366.424561,10
07-06-2022 01:07,366.409302,10
07-06-2022 01:07,366.424561,10
07-06-2022 01:07,366.424561,10
07-06-2022 01:08,366.394043,10
07-06-2022 01:08,366.394043,10
07-06-2022 01:08,366.378784,10
07-06-2022 01:08,366.424561,10
07-06-2022 01:08,366.424561,10
07-06-2022 01:08,366.378784,10
07-06-2022 01:09,366.394043,10
07-06-2022 01:09,366.394043,10
07-06-2022 01:09,366.378784,10
07-06-2022 01:09,366.363525,10
07-06-2022 01:09,366.378784,10
07-06-2022 01:09,366.378784,10
07-06-2022 01:10,366.394043,10
07-06-2022 01:10,366.363525,10
07-06-2022 01:10,366.348267,10
07-06-2022 01:10,366.348267,10
07-06-2022 01:10,366.378784,10
07-06-2022 01:10,366.348267,10
07-06-2022 01:11,366.333008,10
07-06-2022 01:11,366.348267,10
07-06-2022 01:11,366.348267,10
07-06-2022 01:11,366.348267,10
07-06-2022 01:11,366.363525,10
07-06-2022 01:11,366.333008,10
07-06-2022 01:12,366.363525,10
07-06-2022 01:12,366.333008,10
07-06-2022 01:12,366.348267,10
07-06-2022 01:12,366.348267,10
07-06-2022 01:12,366.333008,10
07-06-2022 01:12,366.348267,10
07-06-2022 01:13,366.317749,10
07-06-2022 01:13,366.317749,10
07-06-2022 01:13,366.333008,10
07-06-2022 01:13,366.30249,10
07-06-2022 01:13,366.317749,10
07-06-2022 01:13,366.348267,10
07-06-2022 01:14,366.30249,10
07-06-2022 01:14,366.317749,10
07-06-2022 01:14,366.30249,10
07-06-2022 01:14,366.30249,10
07-06-2022 01:14,366.287231,10
07-06-2022 01:14,366.30249,10
07-06-2022 01:15,366.30249,10
07-06-2022 01:15,366.287231,10
07-06-2022 01:15,366.287231,10
07-06-2022 01:15,366.30249,10
07-06-2022 01:15,366.256714,10
07-06-2022 01:15,366.271973,10
07-06-2022 01:16,366.287231,10
07-06-2022 01:16,366.271973,10
07-06-2022 01:16,366.256714,10
07-06-2022 01:16,366.271973,10
07-06-2022 01:16,366.256714,10
07-06-2022 01:17,366.241455,10
07-06-2022 01:17,366.256714,10
07-06-2022 01:17,366.241455,10
07-06-2022 01:17,366.226196,10
07-06-2022 01:17,366.241455,10
07-06-2022 01:17,366.226196,10
07-06-2022 01:18,366.241455,10
07-06-2022 01:18,366.241455,10
07-06-2022 01:18,366.226196,10
07-06-2022 01:18,366.256714,10
07-06-2022 01:18,366.226196,10
07-06-2022 01:18,366.195679,10
07-06-2022 01:19,366.241455,10
07-06-2022 01:19,366.210938,10
07-06-2022 01:19,366.226196,10
07-06-2022 01:19,366.210938,10
07-06-2022 01:19,366.226196,10
07-06-2022 01:19,366.241455,10
07-06-2022 01:20,366.210938,10
07-06-2022 01:20,366.195679,10
07-06-2022 01:20,366.18042,10
07-06-2022 01:20,366.18042,10
07-06-2022 01:20,366.195679,10
07-06-2022 01:20,366.18042,10
07-06-2022 01:21,366.195679,10
07-06-2022 01:21,366.195679,10
07-06-2022 01:21,366.18042,10
07-06-2022 01:21,366.18042,10
07-06-2022 01:21,366.18042,10
07-06-2022 01:21,366.18042,10
07-06-2022 01:22,366.18042,10
07-06-2022 01:22,366.149902,10
07-06-2022 01:22,366.18042,10
07-06-2022 01:22,366.149902,10
07-06-2022 01:22,366.149902,10
07-06-2022 01:22,366.165161,10
07-06-2022 01:23,366.165161,10
07-06-2022 01:23,366.134644,10
07-06-2022 01:23,366.119385,10
07-06-2022 01:23,366.165161,10
07-06-2022 01:23,366.149902,10
07-06-2022 01:23,366.149902,10
07-06-2022 01:24,366.119385,10
07-06-2022 01:24,366.119385,10
07-06-2022 01:24,366.134644,10
07-06-2022 01:24,366.119385,10
07-06-2022 01:24,366.149902,10
07-06-2022 01:24,366.134644,10
07-06-2022 01:25,366.119385,10
07-06-2022 01:25,366.134644,10
07-06-2022 01:25,366.104126,10
07-06-2022 01:25,366.119385,10
07-06-2022 01:25,366.119385,10
07-06-2022 01:25,366.104126,10
07-06-2022 01:26,366.088867,10
07-06-2022 01:26,366.119385,10
07-06-2022 01:26,366.05835,10
07-06-2022 01:26,366.119385,10
07-06-2022 01:26,366.088867,10
07-06-2022 01:26,366.104126,10
07-06-2022 01:27,366.088867,10
07-06-2022 01:27,366.088867,10
07-06-2022 01:27,366.05835,10
07-06-2022 01:27,366.073608,10
07-06-2022 01:27,366.043091,10
07-06-2022 01:27,366.05835,10
07-06-2022 01:28,366.05835,10
07-06-2022 01:28,366.043091,10
07-06-2022 01:28,366.05835,10
07-06-2022 01:28,366.073608,10
07-06-2022 01:28,366.043091,10
07-06-2022 01:28,366.05835,10
07-06-2022 01:29,366.073608,10
07-06-2022 01:29,366.027832,10
07-06-2022 01:29,366.05835,10
07-06-2022 01:29,366.05835,10
07-06-2022 01:29,366.012573,10
07-06-2022 01:29,366.027832,10
07-06-2022 01:30,366.027832,10
07-06-2022 01:30,366.05835,10
07-06-2022 01:30,366.027832,10
07-06-2022 01:30,366.012573,10
07-06-2022 01:30,366.043091,10
07-06-2022 01:30,366.012573,10
07-06-2022 01:31,366.012573,10
07-06-2022 01:31,365.997314,10
07-06-2022 01:31,365.982056,10
07-06-2022 01:31,365.997314,10
07-06-2022 01:31,366.012573,10
07-06-2022 01:31,365.997314,10
07-06-2022 01:32,365.966797,10
07-06-2022 01:32,365.982056,10
07-06-2022 01:32,365.982056,10
07-06-2022 01:32,365.966797,10
07-06-2022 01:32,365.982056,10
07-06-2022 01:32,365.966797,10
07-06-2022 01:33,365.966797,10
07-06-2022 01:33,365.982056,10
07-06-2022 01:33,365.951538,10
07-06-2022 01:33,365.936279,10
07-06-2022 01:33,365.982056,10
07-06-2022 01:33,365.951538,10
07-06-2022 01:34,365.936279,10
07-06-2022 01:34,365.966797,10
07-06-2022 01:34,365.951538,10
07-06-2022 01:34,365.936279,10
07-06-2022 01:34,365.936279,10
07-06-2022 01:34,365.936279,10
07-06-2022 01:35,365.951538,10
07-06-2022 01:35,365.951538,10
07-06-2022 01:35,365.905762,10
07-06-2022 01:35,365.921021,10
07-06-2022 01:35,365.921021,10
07-06-2022 01:35,365.936279,10
07-06-2022 01:36,365.921021,10
07-06-2022 01:36,365.905762,10
07-06-2022 01:36,365.890503,10
07-06-2022 01:36,365.905762,10
07-06-2022 01:36,365.890503,10
07-06-2022 01:36,365.890503,10
07-06-2022 01:37,365.905762,10
07-06-2022 01:37,365.905762,10
07-06-2022 01:37,365.890503,10
07-06-2022 01:37,365.890503,10
07-06-2022 01:37,365.905762,10
07-06-2022 01:37,365.875244,10
07-06-2022 01:38,365.905762,10
07-06-2022 01:38,365.875244,10
07-06-2022 01:38,365.905762,10
07-06-2022 01:38,365.875244,10
07-06-2022 01:38,365.875244,10
07-06-2022 01:38,365.829468,10
07-06-2022 01:39,365.859985,10
07-06-2022 01:39,365.859985,10
07-06-2022 01:39,365.844727,10
07-06-2022 01:39,365.875244,10
07-06-2022 01:39,365.875244,10
07-06-2022 01:39,365.844727,10
07-06-2022 01:40,365.829468,10
07-06-2022 01:40,365.859985,10
07-06-2022 01:40,365.829468,10
07-06-2022 01:40,365.829468,10
07-06-2022 01:40,365.814209,10
07-06-2022 01:40,365.844727,10
07-06-2022 01:41,365.814209,10
07-06-2022 01:41,365.814209,10
07-06-2022 01:41,365.829468,10
07-06-2022 01:41,365.814209,10
07-06-2022 01:41,365.814209,10
07-06-2022 01:41,365.79895,10
07-06-2022 01:42,365.829468,10
07-06-2022 01:42,365.829468,10
07-06-2022 01:42,365.783691,10
07-06-2022 01:42,365.79895,10
07-06-2022 01:42,365.79895,10
07-06-2022 01:42,365.783691,10
07-06-2022 01:43,365.783691,10
07-06-2022 01:43,365.783691,10
07-06-2022 01:43,365.768433,10
07-06-2022 01:43,365.768433,10
07-06-2022 01:43,365.737915,10
07-06-2022 01:43,365.79895,10
07-06-2022 01:44,365.768433,10
07-06-2022 01:44,365.753174,10
07-06-2022 01:44,365.737915,10
07-06-2022 01:44,365.737915,10
07-06-2022 01:44,365.753174,10
07-06-2022 01:45,365.768433,10
07-06-2022 01:45,365.753174,10
07-06-2022 01:45,365.753174,10
07-06-2022 01:45,365.737915,10
07-06-2022 01:45,365.753174,10
07-06-2022 01:45,365.768433,10
07-06-2022 01:46,365.753174,10
07-06-2022 01:46,365.737915,10
07-06-2022 01:46,365.722656,10
07-06-2022 01:46,365.737915,10
07-06-2022 01:46,365.722656,10
07-06-2022 01:46,365.737915,10
07-06-2022 01:47,365.722656,10
07-06-2022 01:47,365.722656,10
07-06-2022 01:47,365.722656,10
07-06-2022 01:47,365.707397,10
07-06-2022 01:47,365.737915,10
07-06-2022 01:47,365.692139,10
07-06-2022 01:48,365.707397,10
07-06-2022 01:48,365.722656,10
07-06-2022 01:48,365.707397,10
07-06-2022 01:48,365.707397,10
07-06-2022 01:48,365.707397,10
07-06-2022 01:48,365.707397,10
07-06-2022 01:49,365.661621,10
07-06-2022 01:49,365.692139,10
07-06-2022 01:49,365.67688,10
07-06-2022 01:49,365.67688,10
07-06-2022 01:49,365.67688,10
07-06-2022 01:49,365.67688,10
07-06-2022 01:50,365.661621,10
07-06-2022 01:50,365.661621,10
07-06-2022 01:50,365.67688,10
07-06-2022 01:50,365.67688,10
07-06-2022 01:50,365.661621,10
07-06-2022 01:50,365.631104,10
07-06-2022 01:51,365.661621,10
07-06-2022 01:51,365.631104,10
07-06-2022 01:51,365.646362,10
07-06-2022 01:51,365.646362,10
07-06-2022 01:51,365.631104,10
07-06-2022 01:51,365.600586,10
07-06-2022 01:52,365.646362,10
07-06-2022 01:52,365.615845,10
07-06-2022 01:52,365.585327,10
07-06-2022 01:52,365.615845,10
07-06-2022 01:52,365.615845,10
07-06-2022 01:52,365.631104,10
07-06-2022 01:53,365.646362,10
07-06-2022 01:53,365.615845,10
07-06-2022 01:53,365.631104,10
07-06-2022 01:53,365.600586,10
07-06-2022 01:53,365.631104,10
07-06-2022 01:53,365.585327,10
07-06-2022 01:54,365.585327,10
07-06-2022 01:54,365.615845,10
07-06-2022 01:54,365.600586,10
07-06-2022 01:54,365.585327,10
07-06-2022 01:54,365.585327,10
07-06-2022 01:54,365.600586,10
07-06-2022 01:55,365.570068,10
07-06-2022 01:55,365.585327,10
07-06-2022 01:55,365.570068,10
07-06-2022 01:55,365.55481,10
07-06-2022 01:55,365.585327,10
07-06-2022 01:55,365.570068,10
07-06-2022 01:56,365.570068,10
07-06-2022 01:56,365.55481,10
07-06-2022 01:56,365.55481,10
07-06-2022 01:56,365.539551,10
07-06-2022 01:56,365.539551,10
07-06-2022 01:56,365.55481,10
07-06-2022 01:57,365.524292,10
07-06-2022 01:57,365.539551,10
07-06-2022 01:57,365.539551,10
07-06-2022 01:57,365.539551,10
07-06-2022 01:57,365.539551,10
07-06-2022 01:57,365.509033,10
07-06-2022 01:58,365.539551,10
07-06-2022 01:58,365.524292,10
07-06-2022 01:58,365.55481,10
07-06-2022 01:58,365.524292,10
07-06-2022 01:58,365.509033,10
07-06-2022 01:58,365.509033,10
07-06-2022 01:59,365.539551,10
07-06-2022 01:59,365.478516,10
07-06-2022 01:59,365.493774,10
07-06-2022 01:59,365.524292,10
07-06-2022 01:59,365.478516,10
07-06-2022 01:59,365.478516,10
07-06-2022 02:00,365.509033,10
07-06-2022 02:00,365.478516,10
07-06-2022 02:00,365.478516,10
07-06-2022 02:00,365.463257,10
07-06-2022 02:00,365.478516,10
07-06-2022 02:00,365.447998,10
07-06-2022 02:01,365.447998,10
07-06-2022 02:01,365.463257,10
07-06-2022 02:01,365.447998,10
07-06-2022 02:01,365.463257,10
07-06-2022 02:01,365.447998,10
07-06-2022 02:01,365.463257,10
07-06-2022 02:02,365.447998,10
07-06-2022 02:02,365.432739,10
07-06-2022 02:02,365.447998,10
07-06-2022 02:02,365.41748,10
07-06-2022 02:02,365.447998,10
07-06-2022 02:02,365.447998,10
07-06-2022 02:03,365.402222,10
07-06-2022 02:03,365.432739,10
07-06-2022 02:03,365.41748,10
07-06-2022 02:03,365.432739,10
07-06-2022 02:03,365.432739,10
07-06-2022 02:03,365.41748,10
07-06-2022 02:04,365.41748,10
07-06-2022 02:04,365.41748,10
07-06-2022 02:04,365.402222,10
07-06-2022 02:04,365.432739,10
07-06-2022 02:04,365.386963,10
07-06-2022 02:04,365.386963,10
07-06-2022 02:05,365.402222,10
07-06-2022 02:05,365.371704,10
07-06-2022 02:05,365.386963,10
07-06-2022 02:05,365.386963,10
07-06-2022 02:05,365.386963,10
07-06-2022 02:05,365.371704,10
07-06-2022 02:06,365.371704,10
07-06-2022 02:06,365.386963,10
07-06-2022 02:06,365.371704,10
07-06-2022 02:06,365.341187,10
07-06-2022 02:06,365.371704,10
07-06-2022 02:06,365.356445,10
07-06-2022 02:07,365.386963,10
07-06-2022 02:07,365.371704,10
07-06-2022 02:07,365.356445,10
07-06-2022 02:07,365.356445,10
07-06-2022 02:07,365.356445,10
07-06-2022 02:07,365.325928,10
07-06-2022 02:08,365.356445,10
07-06-2022 02:08,365.356445,10
07-06-2022 02:08,365.341187,10
07-06-2022 02:08,365.341187,10
07-06-2022 02:08,365.341187,10
07-06-2022 02:08,365.356445,10
07-06-2022 02:09,365.29541,10
07-06-2022 02:09,365.341187,10
07-06-2022 02:09,365.310669,10
07-06-2022 02:09,365.325928,10
07-06-2022 02:09,365.310669,10
07-06-2022 02:09,365.29541,10
07-06-2022 02:10,365.29541,10
07-06-2022 02:10,365.29541,10
07-06-2022 02:10,365.310669,10
07-06-2022 02:10,365.280151,10
07-06-2022 02:10,365.280151,10
07-06-2022 02:10,365.310669,10
07-06-2022 02:11,365.29541,10
07-06-2022 02:11,365.280151,10
07-06-2022 02:11,365.249634,10
07-06-2022 02:11,365.280151,10
07-06-2022 02:11,365.280151,10
07-06-2022 02:11,365.264893,10
07-06-2022 02:12,365.249634,10
07-06-2022 02:12,365.264893,10
07-06-2022 02:12,365.264893,10
07-06-2022 02:12,365.249634,10
07-06-2022 02:12,365.280151,10
07-06-2022 02:13,365.234375,10
07-06-2022 02:13,365.249634,10
07-06-2022 02:13,365.280151,10
07-06-2022 02:13,365.219116,10
07-06-2022 02:13,365.234375,10
07-06-2022 02:13,365.264893,10
07-06-2022 02:14,365.219116,10
07-06-2022 02:14,365.234375,10
07-06-2022 02:14,365.249634,10
07-06-2022 02:14,365.203857,10
07-06-2022 02:14,365.249634,10
07-06-2022 02:14,365.219116,10
07-06-2022 02:15,365.203857,10
07-06-2022 02:15,365.203857,10
07-06-2022 02:15,365.203857,10
07-06-2022 02:15,365.203857,10
07-06-2022 02:15,365.188599,10
07-06-2022 02:15,365.219116,10
07-06-2022 02:16,365.203857,10
07-06-2022 02:16,365.188599,10
07-06-2022 02:16,365.203857,10
07-06-2022 02:16,365.17334,10
07-06-2022 02:16,365.188599,10
07-06-2022 02:16,365.17334,10
07-06-2022 02:17,365.188599,10
07-06-2022 02:17,365.188599,10
07-06-2022 02:17,365.158081,10
07-06-2022 02:17,365.158081,10
07-06-2022 02:17,365.158081,10
07-06-2022 02:17,365.17334,10
07-06-2022 02:18,365.188599,10
07-06-2022 02:18,365.142822,10
07-06-2022 02:18,365.17334,10
07-06-2022 02:18,365.142822,10
07-06-2022 02:18,365.142822,10
07-06-2022 02:18,365.142822,10
07-06-2022 02:19,365.158081,10
07-06-2022 02:19,365.127563,10
07-06-2022 02:19,365.112305,10
07-06-2022 02:19,365.127563,10
07-06-2022 02:19,365.158081,10
07-06-2022 02:19,365.112305,10
07-06-2022 02:20,365.127563,10
07-06-2022 02:20,365.127563,10
07-06-2022 02:20,365.112305,10
07-06-2022 02:20,365.127563,10
07-06-2022 02:20,365.097046,10
07-06-2022 02:20,365.097046,10
07-06-2022 02:21,365.112305,10
07-06-2022 02:21,365.127563,10
07-06-2022 02:21,365.112305,10
07-06-2022 02:21,365.112305,10
07-06-2022 02:21,365.097046,10
07-06-2022 02:21,365.081787,10
07-06-2022 02:22,365.097046,10
07-06-2022 02:22,365.066528,10
07-06-2022 02:22,365.112305,10
07-06-2022 02:22,365.066528,10
07-06-2022 02:22,365.081787,10
07-06-2022 02:22,365.081787,10
07-06-2022 02:23,365.097046,10
07-06-2022 02:23,365.081787,10
07-06-2022 02:23,365.036011,10
07-06-2022 02:23,365.066528,10
07-06-2022 02:23,365.066528,10
07-06-2022 02:23,365.05127,10
07-06-2022 02:24,365.036011,10
07-06-2022 02:24,365.036011,10
07-06-2022 02:24,365.036011,10
07-06-2022 02:24,365.036011,10
07-06-2022 02:24,365.05127,10
07-06-2022 02:24,365.036011,10
07-06-2022 02:25,365.020752,10
07-06-2022 02:25,365.036011,10
07-06-2022 02:25,365.020752,10
07-06-2022 02:25,365.036011,10
07-06-2022 02:25,365.020752,10
07-06-2022 02:25,365.005493,10
07-06-2022 02:26,365.020752,10
07-06-2022 02:26,365.020752,10
07-06-2022 02:26,365.005493,10
07-06-2022 02:26,365.005493,10
07-06-2022 02:26,365.005493,10
07-06-2022 02:26,364.974976,10
07-06-2022 02:27,365.005493,10
07-06-2022 02:27,364.990234,10
07-06-2022 02:27,364.990234,10
07-06-2022 02:27,364.974976,10
07-06-2022 02:27,364.959717,10
07-06-2022 02:27,364.974976,10
07-06-2022 02:28,364.974976,10
07-06-2022 02:28,364.974976,10
07-06-2022 02:28,364.990234,10
07-06-2022 02:28,364.959717,10
07-06-2022 02:28,364.974976,10
07-06-2022 02:28,364.944458,10
07-06-2022 02:29,364.959717,10
07-06-2022 02:29,364.959717,10
07-06-2022 02:29,364.91394,10
07-06-2022 02:29,364.944458,10
07-06-2022 02:29,364.91394,10
07-06-2022 02:29,364.959717,10
07-06-2022 02:30,364.929199,10
07-06-2022 02:30,364.91394,10
07-06-2022 02:30,364.91394,10
07-06-2022 02:30,364.944458,10
07-06-2022 02:30,364.929199,10
07-06-2022 02:30,364.929199,10
07-06-2022 02:31,364.898682,10
07-06-2022 02:31,364.91394,10
07-06-2022 02:31,364.91394,10
07-06-2022 02:31,364.898682,10
07-06-2022 02:31,364.91394,10
07-06-2022 02:31,364.91394,10
07-06-2022 02:32,364.898682,10
07-06-2022 02:32,364.883423,10
07-06-2022 02:32,364.898682,10
07-06-2022 02:32,364.883423,10
07-06-2022 02:32,364.898682,10
07-06-2022 02:32,364.898682,10
07-06-2022 02:33,364.883423,10
07-06-2022 02:33,364.898682,10
07-06-2022 02:33,364.852905,10
07-06-2022 02:33,364.883423,10
07-06-2022 02:33,364.868164,10
07-06-2022 02:33,364.91394,10
07-06-2022 02:34,364.868164,10
07-06-2022 02:34,364.883423,10
07-06-2022 02:34,364.883423,10
07-06-2022 02:34,364.837646,10
07-06-2022 02:34,364.868164,10
07-06-2022 02:34,364.852905,10
07-06-2022 02:35,364.852905,10
07-06-2022 02:35,364.837646,10
07-06-2022 02:35,364.868164,10
07-06-2022 02:35,364.837646,10
07-06-2022 02:35,364.837646,10
07-06-2022 02:35,364.837646,10
07-06-2022 02:36,364.807129,10
07-06-2022 02:36,364.837646,10
07-06-2022 02:36,364.822388,10
07-06-2022 02:36,364.822388,10
07-06-2022 02:36,364.79187,10
07-06-2022 02:36,364.807129,10
07-06-2022 02:37,364.822388,10
07-06-2022 02:37,364.79187,10
07-06-2022 02:37,364.807129,10
07-06-2022 02:37,364.79187,10
07-06-2022 02:37,364.822388,10
07-06-2022 02:37,364.761353,10
07-06-2022 02:38,364.79187,10
07-06-2022 02:38,364.79187,10
07-06-2022 02:38,364.776611,10
07-06-2022 02:38,364.776611,10
07-06-2022 02:38,364.761353,10
07-06-2022 02:38,364.776611,10
07-06-2022 02:39,364.776611,10
07-06-2022 02:39,364.776611,10
07-06-2022 02:39,364.746094,10
07-06-2022 02:39,364.79187,10
07-06-2022 02:39,364.776611,10
07-06-2022 02:39,364.746094,10
07-06-2022 02:40,364.746094,10
07-06-2022 02:40,364.730835,10
07-06-2022 02:40,364.761353,10
07-06-2022 02:40,364.761353,10
07-06-2022 02:40,364.715576,10
07-06-2022 02:41,364.730835,10
07-06-2022 02:41,364.746094,10
07-06-2022 02:41,364.700317,10
07-06-2022 02:41,364.715576,10
07-06-2022 02:41,364.730835,10
07-06-2022 02:41,364.715576,10
07-06-2022 02:42,364.715576,10
07-06-2022 02:42,364.715576,10
07-06-2022 02:42,364.685059,10
07-06-2022 02:42,364.715576,10
07-06-2022 02:42,364.715576,10
07-06-2022 02:42,364.715576,10
07-06-2022 02:43,364.685059,10
07-06-2022 02:43,364.6698,10
07-06-2022 02:43,364.700317,10
07-06-2022 02:43,364.700317,10
07-06-2022 02:43,364.715576,10
07-06-2022 02:43,364.685059,10
07-06-2022 02:44,364.685059,10
07-06-2022 02:44,364.6698,10
07-06-2022 02:44,364.654541,10
07-06-2022 02:44,364.685059,10
07-06-2022 02:44,364.654541,10
07-06-2022 02:44,364.6698,10
07-06-2022 02:45,364.685059,10
07-06-2022 02:45,364.6698,10
07-06-2022 02:45,364.654541,10
07-06-2022 02:45,364.6698,10
07-06-2022 02:45,364.654541,10
07-06-2022 02:45,364.639282,10
07-06-2022 02:46,364.639282,10
07-06-2022 02:46,364.639282,10
07-06-2022 02:46,364.624023,10
07-06-2022 02:46,364.654541,10
07-06-2022 02:46,364.624023,10
07-06-2022 02:46,364.624023,10
07-06-2022 02:47,364.639282,10
07-06-2022 02:47,364.608765,10
07-06-2022 02:47,364.608765,10
07-06-2022 02:47,364.624023,10
07-06-2022 02:47,364.624023,10
07-06-2022 02:47,364.608765,10
07-06-2022 02:48,364.608765,10
07-06-2022 02:48,364.593506,10
07-06-2022 02:48,364.608765,10
07-06-2022 02:48,364.608765,10
07-06-2022 02:48,364.608765,10
07-06-2022 02:48,364.578247,10
07-06-2022 02:49,364.593506,10
07-06-2022 02:49,364.547729,10
07-06-2022 02:49,364.608765,10
07-06-2022 02:49,364.578247,10
07-06-2022 02:49,364.578247,10
07-06-2022 02:49,364.562988,10
07-06-2022 02:50,364.593506,10
07-06-2022 02:50,364.562988,10
07-06-2022 02:50,364.562988,10
07-06-2022 02:50,364.547729,10
07-06-2022 02:50,364.547729,10
07-06-2022 02:50,364.547729,10
07-06-2022 02:51,364.562988,10
07-06-2022 02:51,364.562988,10
07-06-2022 02:51,364.547729,10
07-06-2022 02:51,364.547729,10
07-06-2022 02:51,364.532471,10
07-06-2022 02:51,364.532471,10
07-06-2022 02:52,364.532471,10
07-06-2022 02:52,364.532471,10
07-06-2022 02:52,364.532471,10
07-06-2022 02:52,364.517212,10
07-06-2022 02:52,364.517212,10
07-06-2022 02:52,364.532471,10
07-06-2022 02:53,364.501953,10
07-06-2022 02:53,364.517212,10
07-06-2022 02:53,364.517212,10
07-06-2022 02:53,364.517212,10
07-06-2022 02:53,364.501953,10
07-06-2022 02:53,364.486694,10
07-06-2022 02:54,364.471436,10
07-06-2022 02:54,364.517212,10
07-06-2022 02:54,364.471436,10
07-06-2022 02:54,364.501953,10
07-06-2022 02:54,364.501953,10
07-06-2022 02:54,364.486694,10
07-06-2022 02:55,364.440918,10
07-06-2022 02:55,364.471436,10
07-06-2022 02:55,364.456177,10
07-06-2022 02:55,364.456177,10
07-06-2022 02:55,364.471436,10
07-06-2022 02:55,364.456177,10
07-06-2022 02:56,364.440918,10
07-06-2022 02:56,364.456177,10
07-06-2022 02:56,364.440918,10
07-06-2022 02:56,364.425659,10
07-06-2022 02:56,364.440918,10
07-06-2022 02:56,364.456177,10
07-06-2022 02:57,364.471436,10
07-06-2022 02:57,364.456177,10
07-06-2022 02:57,364.425659,10
07-06-2022 02:57,364.395142,10
07-06-2022 02:57,364.4104,10
07-06-2022 02:57,364.425659,10
07-06-2022 02:58,364.440918,10
07-06-2022 02:58,364.4104,10
07-06-2022 02:58,364.395142,10
07-06-2022 02:58,364.395142,10
07-06-2022 02:58,364.425659,10
07-06-2022 02:58,364.4104,10
07-06-2022 02:59,364.395142,10
07-06-2022 02:59,364.379883,10
07-06-2022 02:59,364.425659,10
07-06-2022 02:59,364.4104,10
07-06-2022 02:59,364.395142,10
07-06-2022 02:59,364.395142,10
07-06-2022 03:00,364.395142,10
07-06-2022 03:00,364.395142,10
07-06-2022 03:00,364.379883,10
07-06-2022 03:00,364.364624,10
07-06-2022 03:00,364.379883,10
07-06-2022 03:00,364.364624,10
07-06-2022 03:01,364.364624,10
07-06-2022 03:01,364.364624,10
07-06-2022 03:01,364.364624,10
07-06-2022 03:01,364.349365,10
07-06-2022 03:01,364.349365,10
07-06-2022 03:01,364.334106,10
07-06-2022 03:02,364.334106,10
07-06-2022 03:02,364.334106,10
07-06-2022 03:02,364.349365,10
07-06-2022 03:02,364.318848,10
07-06-2022 03:02,364.334106,10
07-06-2022 03:02,364.334106,10
07-06-2022 03:03,364.318848,10
07-06-2022 03:03,364.28833,10
07-06-2022 03:03,364.318848,10
07-06-2022 03:03,364.318848,10
07-06-2022 03:03,364.318848,10
07-06-2022 03:03,364.303589,10
07-06-2022 03:04,364.303589,10
07-06-2022 03:04,364.303589,10
07-06-2022 03:04,364.28833,10
07-06-2022 03:04,364.303589,10
07-06-2022 03:04,364.303589,10
07-06-2022 03:04,364.273071,10
07-06-2022 03:05,364.303589,10
07-06-2022 03:05,364.28833,10
07-06-2022 03:05,364.303589,10
07-06-2022 03:05,364.303589,10
07-06-2022 03:05,364.273071,10
07-06-2022 03:05,364.257812,10
07-06-2022 03:06,364.273071,10
07-06-2022 03:06,364.257812,10
07-06-2022 03:06,364.257812,10
07-06-2022 03:06,364.257812,10
07-06-2022 03:06,364.257812,10
07-06-2022 03:06,364.227295,10
07-06-2022 03:07,364.257812,10
07-06-2022 03:07,364.257812,10
07-06-2022 03:07,364.257812,10
07-06-2022 03:07,364.242554,10
07-06-2022 03:07,364.257812,10
07-06-2022 03:08,364.212036,10
07-06-2022 03:08,364.227295,10
07-06-2022 03:08,364.257812,10
07-06-2022 03:08,364.242554,10
07-06-2022 03:08,364.196777,10
07-06-2022 03:08,364.242554,10
07-06-2022 03:09,364.212036,10
07-06-2022 03:09,364.212036,10
07-06-2022 03:09,364.196777,10
07-06-2022 03:09,364.196777,10
07-06-2022 03:09,364.196777,10
07-06-2022 03:09,364.196777,10
07-06-2022 03:10,364.16626,10
07-06-2022 03:10,364.181519,10
07-06-2022 03:10,364.196777,10
07-06-2022 03:10,364.212036,10
07-06-2022 03:10,364.196777,10
07-06-2022 03:10,364.181519,10
07-06-2022 03:11,364.181519,10
07-06-2022 03:11,364.16626,10
07-06-2022 03:11,364.16626,10
07-06-2022 03:11,364.135742,10
07-06-2022 03:11,364.151001,10
07-06-2022 03:11,364.151001,10
07-06-2022 03:12,364.16626,10
07-06-2022 03:12,364.16626,10
07-06-2022 03:12,364.16626,10
07-06-2022 03:12,364.151001,10
07-06-2022 03:12,364.151001,10
07-06-2022 03:12,364.16626,10
07-06-2022 03:13,364.135742,10
07-06-2022 03:13,364.151001,10
07-06-2022 03:13,364.151001,10
07-06-2022 03:13,364.151001,10
07-06-2022 03:13,364.120483,10
07-06-2022 03:13,364.120483,10
07-06-2022 03:14,364.135742,10
07-06-2022 03:14,364.105225,10
07-06-2022 03:14,364.105225,10
07-06-2022 03:14,364.135742,10
07-06-2022 03:14,364.105225,10
07-06-2022 03:14,364.105225,10
07-06-2022 03:15,364.089966,10
07-06-2022 03:15,364.105225,10
07-06-2022 03:15,364.105225,10
07-06-2022 03:15,364.105225,10
07-06-2022 03:15,364.074707,10
07-06-2022 03:15,364.074707,10
07-06-2022 03:16,364.074707,10
07-06-2022 03:16,364.089966,10
07-06-2022 03:16,364.074707,10
07-06-2022 03:16,364.089966,10
07-06-2022 03:16,364.074707,10
07-06-2022 03:16,364.074707,10
07-06-2022 03:17,364.074707,10
07-06-2022 03:17,364.074707,10
07-06-2022 03:17,364.074707,10
07-06-2022 03:17,364.044189,10
07-06-2022 03:17,364.074707,10
07-06-2022 03:17,364.059448,10
07-06-2022 03:18,364.044189,10
07-06-2022 03:18,364.044189,10
07-06-2022 03:18,364.044189,10
07-06-2022 03:18,364.013672,10
07-06-2022 03:18,364.044189,10
07-06-2022 03:18,364.044189,10
07-06-2022 03:19,364.028931,10
07-06-2022 03:19,364.028931,10
07-06-2022 03:19,364.044189,10
07-06-2022 03:19,364.013672,10
07-06-2022 03:19,363.983154,10
07-06-2022 03:19,364.044189,10
07-06-2022 03:20,364.013672,10
07-06-2022 03:20,364.028931,10
07-06-2022 03:20,363.998413,10
07-06-2022 03:20,364.013672,10
07-06-2022 03:20,363.998413,10
07-06-2022 03:20,363.983154,10
07-06-2022 03:21,363.967896,10
07-06-2022 03:21,363.983154,10
07-06-2022 03:21,363.967896,10
07-06-2022 03:21,363.967896,10
07-06-2022 03:21,363.998413,10
07-06-2022 03:21,363.967896,10
07-06-2022 03:22,363.967896,10
07-06-2022 03:22,363.952637,10
07-06-2022 03:22,363.967896,10
07-06-2022 03:22,363.952637,10
07-06-2022 03:22,363.952637,10
07-06-2022 03:22,363.937378,10
07-06-2022 03:23,363.952637,10
07-06-2022 03:23,363.952637,10
07-06-2022 03:23,363.952637,10
07-06-2022 03:23,363.922119,10
07-06-2022 03:23,363.922119,10
07-06-2022 03:23,363.952637,10
07-06-2022 03:24,363.952637,10
07-06-2022 03:24,363.922119,10
07-06-2022 03:24,363.90686,10
07-06-2022 03:24,363.922119,10
07-06-2022 03:24,363.90686,10
07-06-2022 03:24,363.90686,10
07-06-2022 03:25,363.90686,10
07-06-2022 03:25,363.90686,10
07-06-2022 03:25,363.90686,10
07-06-2022 03:25,363.891602,10
07-06-2022 03:25,363.90686,10
07-06-2022 03:25,363.891602,10
07-06-2022 03:26,363.90686,10
07-06-2022 03:26,363.891602,10
07-06-2022 03:26,363.861084,10
07-06-2022 03:26,363.876343,10
07-06-2022 03:26,363.876343,10
07-06-2022 03:26,363.891602,10
07-06-2022 03:27,363.861084,10
07-06-2022 03:27,363.891602,10
07-06-2022 03:27,363.861084,10
07-06-2022 03:27,363.830566,10
07-06-2022 03:27,363.830566,10
07-06-2022 03:27,363.876343,10
07-06-2022 03:28,363.861084,10
07-06-2022 03:28,363.830566,10
07-06-2022 03:28,363.830566,10
07-06-2022 03:28,363.876343,10
07-06-2022 03:28,363.830566,10
07-06-2022 03:28,363.861084,10
07-06-2022 03:29,363.800049,10
07-06-2022 03:29,363.830566,10
07-06-2022 03:29,363.830566,10
07-06-2022 03:29,363.815308,10
07-06-2022 03:29,363.830566,10
07-06-2022 03:29,363.815308,10
07-06-2022 03:30,363.815308,10
07-06-2022 03:30,363.800049,10
07-06-2022 03:30,363.815308,10
07-06-2022 03:30,363.800049,10
07-06-2022 03:30,363.769531,10
07-06-2022 03:30,363.78479,10
07-06-2022 03:31,363.800049,10
07-06-2022 03:31,363.815308,10
07-06-2022 03:31,363.800049,10
07-06-2022 03:31,363.769531,10
07-06-2022 03:31,363.78479,10
07-06-2022 03:31,363.78479,10
07-06-2022 03:32,363.78479,10
07-06-2022 03:32,363.78479,10
07-06-2022 03:32,363.769531,10
07-06-2022 03:32,363.754272,10
07-06-2022 03:32,363.769531,10
07-06-2022 03:32,363.769531,10
07-06-2022 03:33,363.739014,10
07-06-2022 03:33,363.769531,10
07-06-2022 03:33,363.769531,10
07-06-2022 03:33,363.723755,10
07-06-2022 03:33,363.769531,10
07-06-2022 03:33,363.800049,10
07-06-2022 03:34,363.723755,10
07-06-2022 03:34,363.723755,10
07-06-2022 03:34,363.754272,10
07-06-2022 03:34,363.739014,10
07-06-2022 03:34,363.739014,10
07-06-2022 03:34,363.723755,10
07-06-2022 03:35,363.708496,10
07-06-2022 03:35,363.723755,10
07-06-2022 03:35,363.708496,10
07-06-2022 03:35,363.723755,10
07-06-2022 03:35,363.708496,10
07-06-2022 03:36,363.693237,10
07-06-2022 03:36,363.708496,10
07-06-2022 03:36,363.708496,10
07-06-2022 03:36,363.677979,10
07-06-2022 03:36,363.708496,10
07-06-2022 03:36,363.693237,10
07-06-2022 03:37,363.708496,10
07-06-2022 03:37,363.66272,10
07-06-2022 03:37,363.693237,10
07-06-2022 03:37,363.693237,10
07-06-2022 03:37,363.693237,10
07-06-2022 03:37,363.647461,10
07-06-2022 03:38,363.677979,10
07-06-2022 03:38,363.647461,10
07-06-2022 03:38,363.647461,10
07-06-2022 03:38,363.647461,10
07-06-2022 03:38,363.632202,10
07-06-2022 03:38,363.632202,10
07-06-2022 03:39,363.647461,10
07-06-2022 03:39,363.66272,10
07-06-2022 03:39,363.647461,10
07-06-2022 03:39,363.647461,10
07-06-2022 03:39,363.647461,10
07-06-2022 03:39,363.632202,10
07-06-2022 03:40,363.647461,10
07-06-2022 03:40,363.632202,10
07-06-2022 03:40,363.616943,10
07-06-2022 03:40,363.601685,10
07-06-2022 03:40,363.601685,10
07-06-2022 03:40,363.616943,10
07-06-2022 03:41,363.632202,10
07-06-2022 03:41,363.586426,10
07-06-2022 03:41,363.586426,10
07-06-2022 03:41,363.586426,10
07-06-2022 03:41,363.601685,10
07-06-2022 03:41,363.586426,10
07-06-2022 03:42,363.586426,10
07-06-2022 03:42,363.586426,10
07-06-2022 03:42,363.555908,10
07-06-2022 03:42,363.555908,10
07-06-2022 03:42,363.571167,10
07-06-2022 03:42,363.586426,10
07-06-2022 03:43,363.555908,10
07-06-2022 03:43,363.555908,10
07-06-2022 03:43,363.571167,10
07-06-2022 03:43,363.540649,10
07-06-2022 03:43,363.555908,10
07-06-2022 03:43,363.510132,10
07-06-2022 03:44,363.540649,10
07-06-2022 03:44,363.555908,10
07-06-2022 03:44,363.555908,10
07-06-2022 03:44,363.525391,10
07-06-2022 03:44,363.540649,10
07-06-2022 03:44,363.555908,10
07-06-2022 03:45,363.555908,10
07-06-2022 03:45,363.540649,10
07-06-2022 03:45,363.494873,10
07-06-2022 03:45,363.555908,10
07-06-2022 03:45,363.510132,10
07-06-2022 03:45,363.494873,10
07-06-2022 03:46,363.510132,10
07-06-2022 03:46,363.510132,10
07-06-2022 03:46,363.510132,10
07-06-2022 03:46,363.479614,10
07-06-2022 03:46,363.510132,10
07-06-2022 03:46,363.494873,10
07-06-2022 03:47,363.510132,10
07-06-2022 03:47,363.494873,10
07-06-2022 03:47,363.494873,10
07-06-2022 03:47,363.464355,10
07-06-2022 03:47,363.479614,10
07-06-2022 03:47,363.464355,10
07-06-2022 03:48,363.479614,10
07-06-2022 03:48,363.464355,10
07-06-2022 03:48,363.464355,10
07-06-2022 03:48,363.449097,10
07-06-2022 03:48,363.433838,10
07-06-2022 03:48,363.464355,10
07-06-2022 03:49,363.433838,10
07-06-2022 03:49,363.464355,10
07-06-2022 03:49,363.449097,10
07-06-2022 03:49,363.433838,10
07-06-2022 03:49,363.449097,10
07-06-2022 03:49,363.418579,10
07-06-2022 03:50,363.449097,10
07-06-2022 03:50,363.433838,10
07-06-2022 03:50,363.433838,10
07-06-2022 03:50,363.433838,10
07-06-2022 03:50,363.40332,10
07-06-2022 03:50,363.40332,10
07-06-2022 03:51,363.40332,10
07-06-2022 03:51,363.388062,10
07-06-2022 03:51,363.40332,10
07-06-2022 03:51,363.40332,10
07-06-2022 03:51,363.388062,10
07-06-2022 03:51,363.40332,10
07-06-2022 03:52,363.418579,10
07-06-2022 03:52,363.388062,10
07-06-2022 03:52,363.388062,10
07-06-2022 03:52,363.372803,10
07-06-2022 03:52,363.372803,10
07-06-2022 03:52,363.372803,10
07-06-2022 03:53,363.342285,10
07-06-2022 03:53,363.372803,10
07-06-2022 03:53,363.342285,10
07-06-2022 03:53,363.388062,10
07-06-2022 03:53,363.372803,10
07-06-2022 03:53,363.342285,10
07-06-2022 03:54,363.327026,10
07-06-2022 03:54,363.357544,10
07-06-2022 03:54,363.357544,10
07-06-2022 03:54,363.357544,10
07-06-2022 03:54,363.311768,10
07-06-2022 03:54,363.342285,10
07-06-2022 03:55,363.327026,10
07-06-2022 03:55,363.327026,10
07-06-2022 03:55,363.311768,10
07-06-2022 03:55,363.327026,10
07-06-2022 03:55,363.342285,10
07-06-2022 03:55,363.342285,10
07-06-2022 03:56,363.311768,10
07-06-2022 03:56,363.311768,10
07-06-2022 03:56,363.28125,10
07-06-2022 03:56,363.311768,10
07-06-2022 03:56,363.296509,10
07-06-2022 03:56,363.296509,10
07-06-2022 03:57,363.28125,10
07-06-2022 03:57,363.296509,10
07-06-2022 03:57,363.28125,10
07-06-2022 03:57,363.265991,10
07-06-2022 03:57,363.28125,10
07-06-2022 03:57,363.296509,10
07-06-2022 03:58,363.28125,10
07-06-2022 03:58,363.265991,10
07-06-2022 03:58,363.265991,10
07-06-2022 03:58,363.265991,10
07-06-2022 03:58,363.28125,10
07-06-2022 03:58,363.250732,10
07-06-2022 03:59,363.250732,10
07-06-2022 03:59,363.265991,10
07-06-2022 03:59,363.265991,10
07-06-2022 03:59,363.265991,10
07-06-2022 03:59,363.220215,10
07-06-2022 03:59,363.220215,10
07-06-2022 04:00,363.220215,10
07-06-2022 04:00,363.220215,10
07-06-2022 04:00,363.204956,10
07-06-2022 04:00,363.204956,10
07-06-2022 04:00,363.235474,10
07-06-2022 04:00,363.235474,10
07-06-2022 04:01,363.204956,10
07-06-2022 04:01,363.220215,10
07-06-2022 04:01,363.204956,10
07-06-2022 04:01,363.174438,10
07-06-2022 04:01,363.189697,10
07-06-2022 04:01,363.189697,10
07-06-2022 04:02,363.204956,10
07-06-2022 04:02,363.189697,10
07-06-2022 04:02,363.15918,10
07-06-2022 04:02,363.189697,10
07-06-2022 04:02,363.174438,10
07-06-2022 04:03,363.189697,10
07-06-2022 04:03,363.189697,10
07-06-2022 04:03,363.174438,10
07-06-2022 04:03,363.204956,10
07-06-2022 04:03,363.174438,10
07-06-2022 04:03,363.128662,10
07-06-2022 04:04,363.143921,10
07-06-2022 04:04,363.143921,10
07-06-2022 04:04,363.15918,10
07-06-2022 04:04,363.113403,10
07-06-2022 04:04,363.143921,10
07-06-2022 04:04,363.143921,10
07-06-2022 04:05,363.15918,10
07-06-2022 04:05,363.143921,10
07-06-2022 04:05,363.128662,10
07-06-2022 04:05,363.113403,10
07-06-2022 04:05,363.143921,10
07-06-2022 04:05,363.098145,10
07-06-2022 04:06,363.113403,10
07-06-2022 04:06,363.113403,10
07-06-2022 04:06,363.113403,10
07-06-2022 04:06,363.143921,10
07-06-2022 04:06,363.143921,10
07-06-2022 04:06,363.098145,10
07-06-2022 04:07,363.082886,10
07-06-2022 04:07,363.098145,10
07-06-2022 04:07,363.067627,10
07-06-2022 04:07,363.082886,10
07-06-2022 04:07,363.082886,10
07-06-2022 04:07,363.067627,10
07-06-2022 04:08,363.082886,10
07-06-2022 04:08,363.082886,10
07-06-2022 04:08,363.067627,10
07-06-2022 04:08,363.082886,10
07-06-2022 04:08,363.082886,10
07-06-2022 04:08,363.052368,10
07-06-2022 04:09,363.067627,10
07-06-2022 04:09,363.052368,10
07-06-2022 04:09,363.021851,10
07-06-2022 04:09,363.052368,10
07-06-2022 04:09,363.037109,10
07-06-2022 04:09,363.037109,10
07-06-2022 04:10,363.052368,10
07-06-2022 04:10,363.037109,10
07-06-2022 04:10,363.037109,10
07-06-2022 04:10,363.037109,10
07-06-2022 04:10,363.021851,10
07-06-2022 04:10,363.006592,10
07-06-2022 04:11,363.006592,10
07-06-2022 04:11,363.006592,10
07-06-2022 04:11,363.037109,10
07-06-2022 04:11,363.021851,10
07-06-2022 04:11,362.976074,10
07-06-2022 04:11,362.991333,10
07-06-2022 04:12,362.991333,10
07-06-2022 04:12,362.991333,10
07-06-2022 04:12,363.021851,10
07-06-2022 04:12,362.991333,10
07-06-2022 04:12,362.991333,10
07-06-2022 04:12,362.976074,10
07-06-2022 04:13,363.006592,10
07-06-2022 04:13,362.976074,10
07-06-2022 04:13,362.976074,10
07-06-2022 04:13,362.991333,10
07-06-2022 04:13,362.976074,10
07-06-2022 04:13,362.991333,10
07-06-2022 04:14,362.960815,10
07-06-2022 04:14,362.945557,10
07-06-2022 04:14,362.960815,10
07-06-2022 04:14,362.991333,10
07-06-2022 04:14,362.960815,10
07-06-2022 04:14,362.960815,10
07-06-2022 04:15,362.945557,10
07-06-2022 04:15,362.960815,10
07-06-2022 04:15,362.960815,10
07-06-2022 04:15,362.930298,10
07-06-2022 04:15,362.89978,10
07-06-2022 04:15,362.915039,10
07-06-2022 04:16,362.945557,10
07-06-2022 04:16,362.89978,10
07-06-2022 04:16,362.930298,10
07-06-2022 04:16,362.915039,10
07-06-2022 04:16,362.89978,10
07-06-2022 04:16,362.89978,10
07-06-2022 04:17,362.89978,10
07-06-2022 04:17,362.89978,10
07-06-2022 04:17,362.884521,10
07-06-2022 04:17,362.884521,10
07-06-2022 04:17,362.854004,10
07-06-2022 04:17,362.869263,10
07-06-2022 04:18,362.89978,10
07-06-2022 04:18,362.89978,10
07-06-2022 04:18,362.869263,10
07-06-2022 04:18,362.869263,10
07-06-2022 04:18,362.869263,10
07-06-2022 04:18,362.869263,10
07-06-2022 04:19,362.884521,10
07-06-2022 04:19,362.869263,10
07-06-2022 04:19,362.869263,10
07-06-2022 04:19,362.854004,10
07-06-2022 04:19,362.838745,10
07-06-2022 04:19,362.854004,10
07-06-2022 04:20,362.838745,10
07-06-2022 04:20,362.838745,10
07-06-2022 04:20,362.838745,10
07-06-2022 04:20,362.838745,10
07-06-2022 04:20,362.823486,10
07-06-2022 04:20,362.808228,10
07-06-2022 04:21,362.823486,10
07-06-2022 04:21,362.808228,10
07-06-2022 04:21,362.823486,10
07-06-2022 04:21,362.808228,10
07-06-2022 04:21,362.823486,10
07-06-2022 04:21,362.77771,10
07-06-2022 04:22,362.77771,10
07-06-2022 04:22,362.792969,10
07-06-2022 04:22,362.792969,10
07-06-2022 04:22,362.808228,10
07-06-2022 04:22,362.792969,10
07-06-2022 04:22,362.77771,10
07-06-2022 04:23,362.77771,10
07-06-2022 04:23,362.77771,10
07-06-2022 04:23,362.792969,10
07-06-2022 04:23,362.792969,10
07-06-2022 04:23,362.808228,10
07-06-2022 04:23,362.762451,10
07-06-2022 04:24,362.731934,10
07-06-2022 04:24,362.747192,10
07-06-2022 04:24,362.762451,10
07-06-2022 04:24,362.716675,10
07-06-2022 04:24,362.731934,10
07-06-2022 04:24,362.747192,10
07-06-2022 04:25,362.77771,10
07-06-2022 04:25,362.716675,10
07-06-2022 04:25,362.747192,10
07-06-2022 04:25,362.747192,10
07-06-2022 04:25,362.731934,10
07-06-2022 04:25,362.731934,10
07-06-2022 04:26,362.716675,10
07-06-2022 04:26,362.701416,10
07-06-2022 04:26,362.716675,10
07-06-2022 04:26,362.731934,10
07-06-2022 04:26,362.701416,10
07-06-2022 04:26,362.686157,10
07-06-2022 04:27,362.731934,10
07-06-2022 04:27,362.686157,10
07-06-2022 04:27,362.686157,10
07-06-2022 04:27,362.701416,10
07-06-2022 04:27,362.686157,10
07-06-2022 04:27,362.701416,10
07-06-2022 04:28,362.670898,10
07-06-2022 04:28,362.65564,10
07-06-2022 04:28,362.701416,10
07-06-2022 04:28,362.686157,10
07-06-2022 04:28,362.65564,10
07-06-2022 04:28,362.65564,10
07-06-2022 04:29,362.670898,10
07-06-2022 04:29,362.670898,10
07-06-2022 04:29,362.640381,10
07-06-2022 04:29,362.670898,10
07-06-2022 04:29,362.65564,10
07-06-2022 04:29,362.640381,10
07-06-2022 04:30,362.609863,10
07-06-2022 04:30,362.640381,10
07-06-2022 04:30,362.640381,10
07-06-2022 04:30,362.640381,10
07-06-2022 04:30,362.640381,10
07-06-2022 04:31,362.609863,10
07-06-2022 04:31,362.625122,10
07-06-2022 04:31,362.594604,10
07-06-2022 04:31,362.609863,10
07-06-2022 04:31,362.594604,10
07-06-2022 04:31,362.609863,10
07-06-2022 04:32,362.609863,10
07-06-2022 04:32,362.579346,10
07-06-2022 04:32,362.609863,10
07-06-2022 04:32,362.579346,10
07-06-2022 04:32,362.594604,10
07-06-2022 04:32,362.579346,10
07-06-2022 04:33,362.579346,10
07-06-2022 04:33,362.609863,10
07-06-2022 04:33,362.609863,10
07-06-2022 04:33,362.579346,10
07-06-2022 04:33,362.533569,10
07-06-2022 04:33,362.564087,10
07-06-2022 04:34,362.564087,10
07-06-2022 04:34,362.548828,10
07-06-2022 04:34,362.533569,10
07-06-2022 04:34,362.548828,10
07-06-2022 04:34,362.579346,10
07-06-2022 04:34,362.548828,10
07-06-2022 04:35,362.548828,10
07-06-2022 04:35,362.533569,10
07-06-2022 04:35,362.533569,10
07-06-2022 04:35,362.518311,10
07-06-2022 04:35,362.533569,10
07-06-2022 04:35,362.533569,10
07-06-2022 04:36,362.518311,10
07-06-2022 04:36,362.533569,10
07-06-2022 04:36,362.518311,10
07-06-2022 04:36,362.518311,10
07-06-2022 04:36,362.503052,10
07-06-2022 04:36,362.518311,10
07-06-2022 04:37,362.503052,10
07-06-2022 04:37,362.503052,10
07-06-2022 04:37,362.503052,10
07-06-2022 04:37,362.503052,10
07-06-2022 04:37,362.487793,10
07-06-2022 04:37,362.487793,10
07-06-2022 04:38,362.457275,10
07-06-2022 04:38,362.472534,10
07-06-2022 04:38,362.487793,10
07-06-2022 04:38,362.457275,10
07-06-2022 04:38,362.457275,10
07-06-2022 04:38,362.457275,10
07-06-2022 04:39,362.472534,10
07-06-2022 04:39,362.457275,10
07-06-2022 04:39,362.442017,10
07-06-2022 04:39,362.457275,10
07-06-2022 04:39,362.457275,10
07-06-2022 04:39,362.457275,10
07-06-2022 04:40,362.426758,10
07-06-2022 04:40,362.426758,10
07-06-2022 04:40,362.442017,10
07-06-2022 04:40,362.457275,10
07-06-2022 04:40,362.442017,10
07-06-2022 04:40,362.442017,10
07-06-2022 04:41,362.426758,10
07-06-2022 04:41,362.39624,10
07-06-2022 04:41,362.39624,10
07-06-2022 04:41,362.426758,10
07-06-2022 04:41,362.426758,10
07-06-2022 04:41,362.411499,10
07-06-2022 04:42,362.411499,10
07-06-2022 04:42,362.411499,10
07-06-2022 04:42,362.39624,10
07-06-2022 04:42,362.380981,10
07-06-2022 04:42,362.365723,10
07-06-2022 04:42,362.380981,10
07-06-2022 04:43,362.380981,10
07-06-2022 04:43,362.39624,10
07-06-2022 04:43,362.350464,10
07-06-2022 04:43,362.39624,10
07-06-2022 04:43,362.350464,10
07-06-2022 04:43,362.380981,10
07-06-2022 04:44,362.350464,10
07-06-2022 04:44,362.365723,10
07-06-2022 04:44,362.350464,10
07-06-2022 04:44,362.365723,10
07-06-2022 04:44,362.365723,10
07-06-2022 04:44,362.335205,10
07-06-2022 04:45,362.365723,10
07-06-2022 04:45,362.335205,10
07-06-2022 04:45,362.335205,10
07-06-2022 04:45,362.319946,10
07-06-2022 04:45,362.335205,10
07-06-2022 04:45,362.319946,10
07-06-2022 04:46,362.319946,10
07-06-2022 04:46,362.304688,10
07-06-2022 04:46,362.319946,10
07-06-2022 04:46,362.319946,10
07-06-2022 04:46,362.304688,10
07-06-2022 04:46,362.304688,10
07-06-2022 04:47,362.304688,10
07-06-2022 04:47,362.319946,10
07-06-2022 04:47,362.304688,10
07-06-2022 04:47,362.27417,10
07-06-2022 04:47,362.289429,10
07-06-2022 04:47,362.289429,10
07-06-2022 04:48,362.27417,10
07-06-2022 04:48,362.27417,10
07-06-2022 04:48,362.27417,10
07-06-2022 04:48,362.27417,10
07-06-2022 04:48,362.27417,10
07-06-2022 04:48,362.258911,10
07-06-2022 04:49,362.243652,10
07-06-2022 04:49,362.243652,10
07-06-2022 04:49,362.27417,10
07-06-2022 04:49,362.228394,10
07-06-2022 04:49,362.228394,10
07-06-2022 04:49,362.27417,10
07-06-2022 04:50,362.228394,10
07-06-2022 04:50,362.228394,10
07-06-2022 04:50,362.213135,10
07-06-2022 04:50,362.228394,10
07-06-2022 04:50,362.228394,10
07-06-2022 04:50,362.243652,10
07-06-2022 04:51,362.213135,10
07-06-2022 04:51,362.243652,10
07-06-2022 04:51,362.213135,10
07-06-2022 04:51,362.197876,10
07-06-2022 04:51,362.197876,10
07-06-2022 04:51,362.197876,10
07-06-2022 04:52,362.182617,10
07-06-2022 04:52,362.182617,10
07-06-2022 04:52,362.213135,10
07-06-2022 04:52,362.167358,10
07-06-2022 04:52,362.182617,10
07-06-2022 04:52,362.1521,10
07-06-2022 04:53,362.167358,10
07-06-2022 04:53,362.167358,10
07-06-2022 04:53,362.182617,10
07-06-2022 04:53,362.1521,10
07-06-2022 04:53,362.167358,10
07-06-2022 04:53,362.1521,10
07-06-2022 04:54,362.1521,10
07-06-2022 04:54,362.1521,10
07-06-2022 04:54,362.167358,10
07-06-2022 04:54,362.167358,10
07-06-2022 04:54,362.136841,10
07-06-2022 04:54,362.121582,10
07-06-2022 04:55,362.136841,10
07-06-2022 04:55,362.136841,10
07-06-2022 04:55,362.136841,10
07-06-2022 04:55,362.106323,10
07-06-2022 04:55,362.091064,10
07-06-2022 04:55,362.121582,10
07-06-2022 04:56,362.106323,10
07-06-2022 04:56,362.136841,10
07-06-2022 04:56,362.091064,10
07-06-2022 04:56,362.121582,10
07-06-2022 04:56,362.106323,10
07-06-2022 04:56,362.121582,10
07-06-2022 04:57,362.091064,10
07-06-2022 04:57,362.091064,10
07-06-2022 04:57,362.091064,10
07-06-2022 04:57,362.075806,10
07-06-2022 04:57,362.075806,10
07-06-2022 04:58,362.075806,10
07-06-2022 04:58,362.060547,10
07-06-2022 04:58,362.075806,10
07-06-2022 04:58,362.075806,10
07-06-2022 04:58,362.045288,10
07-06-2022 04:58,362.075806,10
07-06-2022 04:59,362.075806,10
07-06-2022 04:59,362.045288,10
07-06-2022 04:59,362.060547,10
07-06-2022 04:59,362.045288,10
07-06-2022 04:59,362.045288,10
07-06-2022 04:59,362.045288,10
07-06-2022 05:00,362.030029,10
07-06-2022 05:00,362.060547,10
07-06-2022 05:00,362.045288,10
07-06-2022 05:00,362.030029,10
07-06-2022 05:00,362.030029,10
07-06-2022 05:00,362.030029,10
07-06-2022 05:01,361.999512,10
07-06-2022 05:01,361.984253,10
07-06-2022 05:01,361.999512,10
07-06-2022 05:01,361.999512,10
07-06-2022 05:01,362.014771,10
07-06-2022 05:01,361.999512,10
07-06-2022 05:02,361.984253,10
07-06-2022 05:02,362.014771,10
07-06-2022 05:02,362.014771,10
07-06-2022 05:02,361.984253,10
07-06-2022 05:02,361.984253,10
07-06-2022 05:02,361.984253,10
07-06-2022 05:03,361.953735,10
07-06-2022 05:03,361.968994,10
07-06-2022 05:03,361.999512,10
07-06-2022 05:03,361.968994,10
07-06-2022 05:03,361.953735,10
07-06-2022 05:03,361.968994,10
07-06-2022 05:04,361.953735,10
07-06-2022 05:04,361.938477,10
07-06-2022 05:04,361.953735,10
07-06-2022 05:04,361.953735,10
07-06-2022 05:04,361.938477,10
07-06-2022 05:04,361.923218,10
07-06-2022 05:05,361.968994,10
07-06-2022 05:05,361.938477,10
07-06-2022 05:05,361.907959,10
07-06-2022 05:05,361.923218,10
07-06-2022 05:05,361.923218,10
07-06-2022 05:05,361.953735,10
07-06-2022 05:06,361.8927,10
07-06-2022 05:06,361.907959,10
07-06-2022 05:06,361.923218,10
07-06-2022 05:06,361.862183,10
07-06-2022 05:06,361.8927,10
07-06-2022 05:06,361.907959,10
07-06-2022 05:07,361.907959,10
07-06-2022 05:07,361.862183,10
07-06-2022 05:07,361.8927,10
07-06-2022 05:07,361.877441,10
07-06-2022 05:07,361.846924,10
07-06-2022 05:07,361.8927,10
07-06-2022 05:08,361.877441,10
07-06-2022 05:08,361.877441,10
07-06-2022 05:08,361.877441,10
07-06-2022 05:08,361.877441,10
07-06-2022 05:08,361.862183,10
07-06-2022 05:08,361.862183,10
07-06-2022 05:09,361.846924,10
07-06-2022 05:09,361.846924,10
07-06-2022 05:09,361.816406,10
07-06-2022 05:09,361.846924,10
07-06-2022 05:09,361.816406,10
07-06-2022 05:09,361.831665,10
07-06-2022 05:10,361.801147,10
07-06-2022 05:10,361.816406,10
07-06-2022 05:10,361.816406,10
07-06-2022 05:10,361.801147,10
07-06-2022 05:10,361.831665,10
07-06-2022 05:10,361.816406,10
07-06-2022 05:11,361.785889,10
07-06-2022 05:11,361.77063,10
07-06-2022 05:11,361.801147,10
07-06-2022 05:11,361.785889,10
07-06-2022 05:11,361.785889,10
07-06-2022 05:11,361.801147,10
07-06-2022 05:12,361.77063,10
07-06-2022 05:12,361.77063,10
07-06-2022 05:12,361.77063,10
07-06-2022 05:12,361.785889,10
07-06-2022 05:12,361.77063,10
07-06-2022 05:12,361.755371,10
07-06-2022 05:13,361.755371,10
07-06-2022 05:13,361.755371,10
07-06-2022 05:13,361.755371,10
07-06-2022 05:13,361.755371,10
07-06-2022 05:13,361.755371,10
07-06-2022 05:13,361.785889,10
07-06-2022 05:14,361.709595,10
07-06-2022 05:14,361.724854,10
07-06-2022 05:14,361.724854,10
07-06-2022 05:14,361.724854,10
07-06-2022 05:14,361.709595,10
07-06-2022 05:14,361.724854,10
07-06-2022 05:15,361.694336,10
07-06-2022 05:15,361.724854,10
07-06-2022 05:15,361.709595,10
07-06-2022 05:15,361.724854,10
07-06-2022 05:15,361.709595,10
07-06-2022 05:15,361.709595,10
07-06-2022 05:16,361.694336,10
07-06-2022 05:16,361.709595,10
07-06-2022 05:16,361.709595,10
07-06-2022 05:16,361.709595,10
07-06-2022 05:16,361.679077,10
07-06-2022 05:16,361.679077,10
07-06-2022 05:17,361.679077,10
07-06-2022 05:17,361.694336,10
07-06-2022 05:17,361.679077,10
07-06-2022 05:17,361.679077,10
07-06-2022 05:17,361.679077,10
07-06-2022 05:17,361.64856,10
07-06-2022 05:18,361.663818,10
07-06-2022 05:18,361.663818,10
07-06-2022 05:18,361.64856,10
07-06-2022 05:18,361.64856,10
07-06-2022 05:18,361.64856,10
07-06-2022 05:18,361.64856,10
07-06-2022 05:19,361.618042,10
07-06-2022 05:19,361.618042,10
07-06-2022 05:19,361.633301,10
07-06-2022 05:19,361.633301,10
07-06-2022 05:19,361.633301,10
07-06-2022 05:19,361.633301,10
07-06-2022 05:20,361.633301,10
07-06-2022 05:20,361.633301,10
07-06-2022 05:20,361.602783,10
07-06-2022 05:20,361.618042,10
07-06-2022 05:20,361.64856,10
07-06-2022 05:20,361.618042,10
07-06-2022 05:21,361.557007,10
07-06-2022 05:21,361.587524,10
07-06-2022 05:21,361.587524,10
07-06-2022 05:21,361.587524,10
07-06-2022 05:21,361.602783,10
07-06-2022 05:21,361.587524,10
07-06-2022 05:22,361.557007,10
07-06-2022 05:22,361.572266,10
07-06-2022 05:22,361.541748,10
07-06-2022 05:22,361.557007,10
07-06-2022 05:22,361.572266,10
07-06-2022 05:22,361.541748,10
07-06-2022 05:23,361.541748,10
07-06-2022 05:23,361.557007,10
07-06-2022 05:23,361.587524,10
07-06-2022 05:23,361.541748,10
07-06-2022 05:23,361.526489,10
07-06-2022 05:23,361.526489,10
07-06-2022 05:24,361.541748,10
07-06-2022 05:24,361.541748,10
07-06-2022 05:24,361.51123,10
07-06-2022 05:24,361.526489,10
07-06-2022 05:24,361.526489,10
07-06-2022 05:24,361.526489,10
07-06-2022 05:25,361.51123,10
07-06-2022 05:25,361.541748,10
07-06-2022 05:25,361.51123,10
07-06-2022 05:25,361.51123,10
07-06-2022 05:25,361.526489,10
07-06-2022 05:26,361.465454,10
07-06-2022 05:26,361.480713,10
07-06-2022 05:26,361.465454,10
07-06-2022 05:26,361.495972,10
07-06-2022 05:26,361.465454,10
07-06-2022 05:26,361.480713,10
07-06-2022 05:27,361.434937,10
07-06-2022 05:27,361.465454,10
07-06-2022 05:27,361.480713,10
07-06-2022 05:27,361.480713,10
07-06-2022 05:27,361.465454,10
07-06-2022 05:27,361.495972,10
07-06-2022 05:28,361.465454,10
07-06-2022 05:28,361.450195,10
07-06-2022 05:28,361.434937,10
07-06-2022 05:28,361.419678,10
07-06-2022 05:28,361.450195,10
07-06-2022 05:28,361.434937,10
07-06-2022 05:29,361.434937,10
07-06-2022 05:29,361.434937,10
07-06-2022 05:29,361.419678,10
07-06-2022 05:29,361.404419,10
07-06-2022 05:29,361.404419,10
07-06-2022 05:29,361.404419,10
07-06-2022 05:30,361.419678,10
07-06-2022 05:30,361.419678,10
07-06-2022 05:30,361.434937,10
07-06-2022 05:30,361.419678,10
07-06-2022 05:30,361.404419,10
07-06-2022 05:30,361.404419,10
07-06-2022 05:31,361.358643,10
07-06-2022 05:31,361.373901,10
07-06-2022 05:31,361.38916,10
07-06-2022 05:31,361.373901,10
07-06-2022 05:31,361.358643,10
07-06-2022 05:31,361.38916,10
07-06-2022 05:32,361.358643,10
07-06-2022 05:32,361.373901,10
07-06-2022 05:32,361.343384,10
07-06-2022 05:32,361.38916,10
07-06-2022 05:32,361.343384,10
07-06-2022 05:32,361.343384,10
07-06-2022 05:33,361.343384,10
07-06-2022 05:33,361.328125,10
07-06-2022 05:33,361.358643,10
07-06-2022 05:33,361.343384,10
07-06-2022 05:33,361.343384,10
07-06-2022 05:33,361.328125,10
07-06-2022 05:34,361.297607,10
07-06-2022 05:34,361.312866,10
07-06-2022 05:34,361.297607,10
07-06-2022 05:34,361.328125,10
07-06-2022 05:34,361.328125,10
07-06-2022 05:34,361.282349,10
07-06-2022 05:35,361.312866,10
07-06-2022 05:35,361.312866,10
07-06-2022 05:35,361.312866,10
07-06-2022 05:35,361.297607,10
07-06-2022 05:35,361.297607,10
07-06-2022 05:35,361.312866,10
07-06-2022 05:36,361.282349,10
07-06-2022 05:36,361.282349,10
07-06-2022 05:36,361.282349,10
07-06-2022 05:36,361.282349,10
07-06-2022 05:36,361.26709,10
07-06-2022 05:36,361.251831,10
07-06-2022 05:37,361.282349,10
07-06-2022 05:37,361.282349,10
07-06-2022 05:37,361.251831,10
07-06-2022 05:37,361.251831,10
07-06-2022 05:37,361.236572,10
07-06-2022 05:37,361.236572,10
07-06-2022 05:38,361.221313,10
07-06-2022 05:38,361.26709,10
07-06-2022 05:38,361.236572,10
07-06-2022 05:38,361.236572,10
07-06-2022 05:38,361.251831,10
07-06-2022 05:38,361.251831,10
07-06-2022 05:39,361.206055,10
07-06-2022 05:39,361.251831,10
07-06-2022 05:39,361.221313,10
07-06-2022 05:39,361.236572,10
07-06-2022 05:39,361.221313,10
07-06-2022 05:39,361.190796,10
07-06-2022 05:40,361.190796,10
07-06-2022 05:40,361.190796,10
07-06-2022 05:40,361.206055,10
07-06-2022 05:40,361.160278,10
07-06-2022 05:40,361.206055,10
07-06-2022 05:40,361.206055,10
07-06-2022 05:41,361.190796,10
07-06-2022 05:41,361.160278,10
07-06-2022 05:41,361.160278,10
07-06-2022 05:41,361.160278,10
07-06-2022 05:41,361.160278,10
07-06-2022 05:41,361.160278,10
07-06-2022 05:42,361.160278,10
07-06-2022 05:42,361.14502,10
07-06-2022 05:42,361.175537,10
07-06-2022 05:42,361.14502,10
07-06-2022 05:42,361.114502,10
07-06-2022 05:42,361.114502,10
07-06-2022 05:43,361.099243,10
07-06-2022 05:43,361.114502,10
07-06-2022 05:43,361.099243,10
07-06-2022 05:43,361.129761,10
07-06-2022 05:43,361.114502,10
07-06-2022 05:43,361.114502,10
07-06-2022 05:44,361.083984,10
07-06-2022 05:44,361.114502,10
07-06-2022 05:44,361.114502,10
07-06-2022 05:44,361.099243,10
07-06-2022 05:44,361.099243,10
07-06-2022 05:44,361.099243,10
07-06-2022 05:45,361.083984,10
07-06-2022 05:45,361.083984,10
07-06-2022 05:45,361.083984,10
07-06-2022 05:45,361.068726,10
07-06-2022 05:45,361.068726,10
07-06-2022 05:45,361.068726,10
07-06-2022 05:46,361.068726,10
07-06-2022 05:46,361.053467,10
07-06-2022 05:46,361.068726,10
07-06-2022 05:46,361.068726,10
07-06-2022 05:46,361.053467,10
07-06-2022 05:46,361.038208,10
07-06-2022 05:47,361.038208,10
07-06-2022 05:47,361.053467,10
07-06-2022 05:47,361.038208,10
07-06-2022 05:47,361.022949,10
07-06-2022 05:47,361.022949,10
07-06-2022 05:47,361.00769,10
07-06-2022 05:48,361.038208,10
07-06-2022 05:48,361.00769,10
07-06-2022 05:48,361.022949,10
07-06-2022 05:48,361.00769,10
07-06-2022 05:48,361.00769,10
07-06-2022 05:48,361.038208,10
07-06-2022 05:49,361.00769,10
07-06-2022 05:49,360.992432,10
07-06-2022 05:49,360.977173,10
07-06-2022 05:49,360.992432,10
07-06-2022 05:49,360.977173,10
07-06-2022 05:49,360.992432,10
07-06-2022 05:50,360.977173,10
07-06-2022 05:50,360.977173,10
07-06-2022 05:50,360.977173,10
07-06-2022 05:50,360.977173,10
07-06-2022 05:50,360.961914,10
07-06-2022 05:50,360.961914,10
07-06-2022 05:51,360.931396,10
07-06-2022 05:51,360.961914,10
07-06-2022 05:51,360.977173,10
07-06-2022 05:51,360.946655,10
07-06-2022 05:51,360.946655,10
07-06-2022 05:51,360.916138,10
07-06-2022 05:52,360.961914,10
07-06-2022 05:52,360.961914,10
07-06-2022 05:52,360.931396,10
07-06-2022 05:52,360.916138,10
07-06-2022 05:52,360.88562,10
07-06-2022 05:52,360.900879,10
07-06-2022 05:53,360.916138,10
07-06-2022 05:53,360.916138,10
07-06-2022 05:53,360.900879,10
07-06-2022 05:53,360.900879,10
07-06-2022 05:53,360.916138,10
07-06-2022 05:54,360.900879,10
07-06-2022 05:54,360.900879,10
07-06-2022 05:54,360.88562,10
07-06-2022 05:54,360.88562,10
07-06-2022 05:54,360.88562,10
07-06-2022 05:54,360.870361,10
07-06-2022 05:55,360.870361,10
07-06-2022 05:55,360.870361,10
07-06-2022 05:55,360.839844,10
07-06-2022 05:55,360.870361,10
07-06-2022 05:55,360.870361,10
07-06-2022 05:55,360.839844,10
07-06-2022 05:56,360.839844,10
07-06-2022 05:56,360.839844,10
07-06-2022 05:56,360.839844,10
07-06-2022 05:56,360.839844,10
07-06-2022 05:56,360.824585,10
07-06-2022 05:56,360.855103,10
07-06-2022 05:57,360.824585,10
07-06-2022 05:57,360.809326,10
07-06-2022 05:57,360.824585,10
07-06-2022 05:57,360.809326,10
07-06-2022 05:57,360.809326,10
07-06-2022 05:57,360.794067,10
07-06-2022 05:58,360.809326,10
07-06-2022 05:58,360.794067,10
07-06-2022 05:58,360.794067,10
07-06-2022 05:58,360.824585,10
07-06-2022 05:58,360.794067,10
07-06-2022 05:58,360.76355,10
07-06-2022 05:59,360.76355,10
07-06-2022 05:59,360.794067,10
07-06-2022 05:59,360.778809,10
07-06-2022 05:59,360.824585,10
07-06-2022 05:59,360.76355,10
07-06-2022 05:59,360.778809,10
07-06-2022 06:00,360.794067,10
07-06-2022 06:00,360.794067,10
07-06-2022 06:00,360.748291,10
07-06-2022 06:00,360.76355,10
07-06-2022 06:00,360.733032,10
07-06-2022 06:00,360.76355,10
07-06-2022 06:01,360.76355,10
07-06-2022 06:01,360.748291,10
07-06-2022 06:01,360.733032,10
07-06-2022 06:01,360.717773,10
07-06-2022 06:01,360.717773,10
07-06-2022 06:01,360.717773,10
07-06-2022 06:02,360.748291,10
07-06-2022 06:02,360.733032,10
07-06-2022 06:02,360.717773,10
07-06-2022 06:02,360.702515,10
07-06-2022 06:02,360.733032,10
07-06-2022 06:02,360.702515,10
07-06-2022 06:03,360.687256,10
07-06-2022 06:03,360.687256,10
07-06-2022 06:03,360.702515,10
07-06-2022 06:03,360.687256,10
07-06-2022 06:03,360.671997,10
07-06-2022 06:03,360.687256,10
07-06-2022 06:04,360.671997,10
07-06-2022 06:04,360.656738,10
07-06-2022 06:04,360.671997,10
07-06-2022 06:04,360.687256,10
07-06-2022 06:04,360.656738,10
07-06-2022 06:04,360.656738,10
07-06-2022 06:05,360.671997,10
07-06-2022 06:05,360.671997,10
07-06-2022 06:05,360.641479,10
07-06-2022 06:05,360.671997,10
07-06-2022 06:05,360.656738,10
07-06-2022 06:05,360.671997,10
07-06-2022 06:06,360.641479,10
07-06-2022 06:06,360.626221,10
07-06-2022 06:06,360.626221,10
07-06-2022 06:06,360.656738,10
07-06-2022 06:06,360.610962,10
07-06-2022 06:06,360.610962,10
07-06-2022 06:07,360.641479,10
07-06-2022 06:07,360.610962,10
07-06-2022 06:07,360.610962,10
07-06-2022 06:07,360.595703,10
07-06-2022 06:07,360.610962,10
07-06-2022 06:07,360.610962,10
07-06-2022 06:08,360.595703,10
07-06-2022 06:08,360.580444,10
07-06-2022 06:08,360.565186,10
07-06-2022 06:08,360.565186,10
07-06-2022 06:08,360.580444,10
07-06-2022 06:08,360.565186,10
07-06-2022 06:09,360.580444,10
07-06-2022 06:09,360.580444,10
07-06-2022 06:09,360.565186,10
07-06-2022 06:09,360.549927,10
07-06-2022 06:09,360.565186,10
07-06-2022 06:09,360.534668,10
07-06-2022 06:10,360.565186,10
07-06-2022 06:10,360.534668,10
07-06-2022 06:10,360.519409,10
07-06-2022 06:10,360.519409,10
07-06-2022 06:10,360.534668,10
07-06-2022 06:10,360.519409,10
07-06-2022 06:11,360.519409,10
07-06-2022 06:11,360.519409,10
07-06-2022 06:11,360.534668,10
07-06-2022 06:11,360.50415,10
07-06-2022 06:11,360.50415,10
07-06-2022 06:11,360.50415,10
07-06-2022 06:12,360.50415,10
07-06-2022 06:12,360.50415,10
07-06-2022 06:12,360.50415,10
07-06-2022 06:12,360.50415,10
07-06-2022 06:12,360.473633,10
07-06-2022 06:12,360.488892,10
07-06-2022 06:13,360.488892,10
07-06-2022 06:13,360.488892,10
07-06-2022 06:13,360.488892,10
07-06-2022 06:13,360.458374,10
07-06-2022 06:13,360.443115,10
07-06-2022 06:13,360.458374,10
07-06-2022 06:14,360.458374,10
07-06-2022 06:14,360.458374,10
07-06-2022 06:14,360.458374,10
07-06-2022 06:14,360.458374,10
07-06-2022 06:14,360.427856,10
07-06-2022 06:14,360.427856,10
07-06-2022 06:15,360.443115,10
07-06-2022 06:15,360.427856,10
07-06-2022 06:15,360.443115,10
07-06-2022 06:15,360.443115,10
07-06-2022 06:15,360.412598,10
07-06-2022 06:15,360.412598,10
07-06-2022 06:16,360.427856,10
07-06-2022 06:16,360.427856,10
07-06-2022 06:16,360.412598,10
07-06-2022 06:16,360.427856,10
07-06-2022 06:16,360.427856,10
07-06-2022 06:16,360.397339,10
07-06-2022 06:17,360.397339,10
07-06-2022 06:17,360.38208,10
07-06-2022 06:17,360.351562,10
07-06-2022 06:17,360.366821,10
07-06-2022 06:17,360.38208,10
07-06-2022 06:17,360.366821,10
07-06-2022 06:18,360.351562,10
07-06-2022 06:18,360.38208,10
07-06-2022 06:18,360.366821,10
07-06-2022 06:18,360.351562,10
07-06-2022 06:18,360.38208,10
07-06-2022 06:18,360.366821,10
07-06-2022 06:19,360.351562,10
07-06-2022 06:19,360.336304,10
07-06-2022 06:19,360.351562,10
07-06-2022 06:19,360.336304,10
07-06-2022 06:19,360.336304,10
07-06-2022 06:19,360.305786,10
07-06-2022 06:20,360.321045,10
07-06-2022 06:20,360.351562,10
07-06-2022 06:20,360.321045,10
07-06-2022 06:20,360.336304,10
07-06-2022 06:20,360.305786,10
07-06-2022 06:20,360.275269,10
07-06-2022 06:21,360.321045,10
07-06-2022 06:21,360.275269,10
07-06-2022 06:21,360.305786,10
07-06-2022 06:21,360.290527,10
07-06-2022 06:21,360.290527,10
07-06-2022 06:22,360.290527,10
07-06-2022 06:22,360.26001,10
07-06-2022 06:22,360.305786,10
07-06-2022 06:22,360.26001,10
07-06-2022 06:22,360.275269,10
07-06-2022 06:22,360.275269,10
07-06-2022 06:23,360.244751,10
07-06-2022 06:23,360.244751,10
07-06-2022 06:23,360.244751,10
07-06-2022 06:23,360.244751,10
07-06-2022 06:23,360.244751,10
07-06-2022 06:23,360.229492,10
07-06-2022 06:24,360.229492,10
07-06-2022 06:24,360.26001,10
07-06-2022 06:24,360.229492,10
07-06-2022 06:24,360.214233,10
07-06-2022 06:24,360.229492,10
07-06-2022 06:24,360.229492,10
07-06-2022 06:25,360.214233,10
07-06-2022 06:25,360.214233,10
07-06-2022 06:25,360.183716,10
07-06-2022 06:25,360.229492,10
07-06-2022 06:25,360.214233,10
07-06-2022 06:25,360.198975,10
07-06-2022 06:26,360.198975,10
07-06-2022 06:26,360.183716,10
07-06-2022 06:26,360.183716,10
07-06-2022 06:26,360.153198,10
07-06-2022 06:26,360.198975,10
07-06-2022 06:26,360.168457,10
07-06-2022 06:27,360.183716,10
07-06-2022 06:27,360.168457,10
07-06-2022 06:27,360.137939,10
07-06-2022 06:27,360.183716,10
07-06-2022 06:27,360.137939,10
07-06-2022 06:27,360.153198,10
07-06-2022 06:28,360.153198,10
07-06-2022 06:28,360.122681,10
07-06-2022 06:28,360.137939,10
07-06-2022 06:28,360.153198,10
07-06-2022 06:28,360.153198,10
07-06-2022 06:28,360.122681,10
07-06-2022 06:29,360.107422,10
07-06-2022 06:29,360.153198,10
07-06-2022 06:29,360.122681,10
07-06-2022 06:29,360.107422,10
07-06-2022 06:29,360.107422,10
07-06-2022 06:29,360.092163,10
07-06-2022 06:30,360.076904,10
07-06-2022 06:30,360.092163,10
07-06-2022 06:30,360.092163,10
07-06-2022 06:30,360.092163,10
07-06-2022 06:30,360.076904,10
07-06-2022 06:30,360.076904,10
07-06-2022 06:31,360.122681,10
07-06-2022 06:31,360.061646,10
07-06-2022 06:31,360.076904,10
07-06-2022 06:31,360.076904,10
07-06-2022 06:31,360.061646,10
07-06-2022 06:31,360.046387,10
07-06-2022 06:32,360.061646,10
07-06-2022 06:32,360.076904,10
07-06-2022 06:32,360.061646,10
07-06-2022 06:32,360.046387,10
07-06-2022 06:32,360.031128,10
07-06-2022 06:32,360.061646,10
07-06-2022 06:33,360.046387,10
07-06-2022 06:33,360.031128,10
07-06-2022 06:33,360.031128,10
07-06-2022 06:33,360.015869,10
07-06-2022 06:33,360.00061,10
